Date,Close,High,Low,Open,Symbol,Vol
2015-11-18,479.0,488.0,479.0,476.0,NMB,21302.0
2015-11-19,473.0,476.0,470.0,479.0,NMB,9782.0
2015-11-22,455.0,466.0,455.0,473.0,NMB,3936.0
2015-11-23,460.0,460.0,441.0,455.0,NMB,4257.0
2015-11-24,444.0,453.0,440.0,460.0,NMB,28692.0
2015-11-25,437.0,440.0,437.0,444.0,NMB,2902.0
2015-11-26,425.0,430.0,415.0,437.0,NMB,3370.0
2015-11-29,415.0,417.0,404.0,425.0,NMB,8963.0
2015-11-30,396.0,422.0,389.0,415.0,NMB,16884.0
2015-12-01,405.0,408.0,400.0,396.0,NMB,5401.0
2015-12-02,405.0,412.0,393.0,405.0,NMB,12111.0
2015-12-03,408.0,420.0,402.0,405.0,NMB,44604.0
2015-12-06,416.0,432.0,415.0,408.0,NMB,8447.0
2015-12-07,417.0,422.0,413.0,416.0,NMB,5957.0
2015-12-08,415.0,415.0,408.0,417.0,NMB,2264.0
2015-12-09,428.0,428.0,417.0,415.0,NMB,16533.0
2015-12-10,420.0,422.0,416.0,428.0,NMB,3303.0
2015-12-13,417.0,424.0,417.0,420.0,NMB,6805.0
2015-12-14,413.0,425.0,413.0,417.0,NMB,1803.0
2015-12-15,410.0,415.0,410.0,413.0,NMB,4184.0
2015-12-16,414.0,414.0,408.0,410.0,NMB,3628.0
2015-12-17,410.0,410.0,409.0,414.0,NMB,1090.0
2015-12-20,410.0,410.0,405.0,410.0,NMB,251.0
2015-12-21,420.0,420.0,411.0,410.0,NMB,3745.0
2015-12-22,420.0,421.0,415.0,420.0,NMB,7202.0
2015-12-23,415.0,419.0,415.0,420.0,NMB,2521.0
2015-12-24,412.0,417.0,410.0,415.0,NMB,1867.0
2015-12-27,416.0,416.0,412.0,412.0,NMB,750.0
2015-12-28,417.0,421.0,414.0,416.0,NMB,14456.0
2015-12-29,419.0,420.0,415.0,417.0,NMB,9050.0
2015-12-31,428.0,435.0,421.0,419.0,NMB,6454.0
2016-01-03,416.0,425.0,416.0,428.0,NMB,8946.0
2016-01-04,421.0,424.0,416.0,416.0,NMB,2559.0
2016-01-05,421.0,425.0,417.0,421.0,NMB,16049.0
2016-01-06,421.0,424.0,420.0,421.0,NMB,3648.0
2016-01-07,435.0,439.0,421.0,421.0,NMB,6039.0
2016-01-10,438.0,440.0,431.0,435.0,NMB,7792.0
2016-01-11,432.0,439.0,432.0,438.0,NMB,10454.0
2016-01-12,439.0,439.0,428.0,432.0,NMB,16525.0
2016-01-13,445.0,452.0,436.0,439.0,NMB,12678.0
2016-01-14,460.0,466.0,449.0,445.0,NMB,24660.0
2016-01-17,465.0,478.0,465.0,460.0,NMB,13070.0
2016-01-18,468.0,490.0,458.0,465.0,NMB,9627.0
2016-01-19,471.0,476.0,452.0,468.0,NMB,28309.0
2016-01-20,471.0,475.0,467.0,471.0,NMB,8650.0
2016-01-21,472.0,475.0,470.0,471.0,NMB,14019.0
2016-01-24,485.0,490.0,467.0,472.0,NMB,40765.0
2016-01-25,499.0,503.0,490.0,485.0,NMB,59476.0
2016-01-26,466.0,475.0,466.0,462.0,NMB,11103.0
2016-01-27,460.0,470.0,455.0,466.0,NMB,14989.0
2016-01-28,451.0,463.0,450.0,460.0,NMB,12607.0
2016-01-31,454.0,454.0,449.0,451.0,NMB,18267.0
2016-02-01,477.0,477.0,463.0,454.0,NMB,22370.0
2016-02-02,485.0,491.0,475.0,477.0,NMB,21542.0
2016-02-03,487.0,488.0,477.0,485.0,NMB,7675.0
2016-02-04,482.0,490.0,479.0,487.0,NMB,21254.0
2016-02-07,480.0,500.0,480.0,482.0,NMB,22897.0
2016-02-08,485.0,494.0,480.0,480.0,NMB,15360.0
2016-02-11,504.0,505.0,485.0,485.0,NMB,56076.0
2016-02-14,511.0,516.0,498.0,504.0,NMB,48114.0
2016-02-15,510.0,514.0,500.0,511.0,NMB,40191.0
2016-02-16,520.0,527.0,512.0,510.0,NMB,46071.0
2016-02-17,537.0,550.0,518.0,520.0,NMB,71382.0
2016-02-18,541.0,555.0,537.0,537.0,NMB,34207.0
2016-02-21,537.0,547.0,532.0,541.0,NMB,34695.0
2016-02-22,547.0,547.0,531.0,537.0,NMB,54898.0
2016-02-23,543.0,551.0,538.0,547.0,NMB,41233.0
2016-02-24,539.0,549.0,536.0,543.0,NMB,42215.0
2016-02-25,538.0,542.0,530.0,539.0,NMB,55984.0
2016-02-28,534.0,543.0,528.0,538.0,NMB,28693.0
2016-02-29,537.0,537.0,530.0,534.0,NMB,16809.0
2016-03-01,539.0,539.0,534.0,537.0,NMB,15831.0
2016-03-02,535.0,548.0,529.0,539.0,NMB,25417.0
2016-03-03,537.0,545.0,535.0,535.0,NMB,15854.0
2016-03-06,534.0,541.0,533.0,537.0,NMB,19864.0
2016-03-10,532.0,540.0,531.0,534.0,NMB,28465.0
2016-03-13,540.0,543.0,530.0,532.0,NMB,24873.0
2016-03-14,540.0,545.0,537.0,540.0,NMB,18217.0
2016-03-15,542.0,543.0,535.0,540.0,NMB,29401.0
2016-03-16,542.0,545.0,536.0,542.0,NMB,22337.0
2016-03-17,548.0,554.0,532.0,542.0,NMB,28729.0
2016-03-20,561.0,565.0,553.0,548.0,NMB,52346.0
2016-03-21,576.0,599.0,570.0,561.0,NMB,72490.0
2016-03-23,587.0,599.0,579.0,576.0,NMB,59664.0
2016-03-24,596.0,603.0,590.0,587.0,NMB,74822.0
2016-03-27,607.0,610.0,591.0,596.0,NMB,60865.0
2016-03-28,601.0,609.0,597.0,607.0,NMB,44659.0
2016-03-29,604.0,607.0,590.0,601.0,NMB,46013.0
2016-03-30,596.0,605.0,595.0,604.0,NMB,32854.0
2016-03-31,590.0,595.0,586.0,596.0,NMB,33572.0
2016-04-03,585.0,600.0,572.0,590.0,NMB,29949.0
2016-04-04,589.0,590.0,582.0,585.0,NMB,16707.0
2016-04-05,598.0,598.0,588.0,589.0,NMB,8614.0
2016-04-06,598.0,600.0,593.0,598.0,NMB,14651.0
2016-04-10,598.0,602.0,595.0,598.0,NMB,38460.0
2016-04-11,605.0,605.0,600.0,598.0,NMB,37663.0
2016-04-12,609.0,609.0,600.0,605.0,NMB,28522.0
2016-04-14,614.0,614.0,600.0,609.0,NMB,20590.0
2016-04-17,622.0,623.0,611.0,614.0,NMB,32426.0
2016-04-18,637.0,638.0,620.0,622.0,NMB,29379.0
2016-04-19,635.0,652.0,633.0,637.0,NMB,13803.0
2016-04-20,635.0,645.0,635.0,635.0,NMB,27534.0
2016-04-21,632.0,637.0,623.0,635.0,NMB,15560.0
2016-04-24,636.0,640.0,630.0,632.0,NMB,23174.0
2016-04-25,640.0,642.0,635.0,636.0,NMB,61555.0
2016-04-26,650.0,670.0,640.0,640.0,NMB,71208.0
2016-04-27,664.0,670.0,637.0,650.0,NMB,53125.0
2016-04-28,657.0,663.0,653.0,664.0,NMB,26453.0
2016-05-02,655.0,665.0,650.0,657.0,NMB,20876.0
2016-05-03,665.0,667.0,660.0,655.0,NMB,61892.0
2016-05-04,659.0,665.0,648.0,665.0,NMB,26420.0
2016-05-05,657.0,659.0,640.0,659.0,NMB,36073.0
2016-05-08,666.0,669.0,657.0,657.0,NMB,25676.0
2016-05-09,687.0,690.0,664.0,666.0,NMB,35896.0
2016-05-10,680.0,696.0,667.0,687.0,NMB,28403.0
2016-05-11,670.0,685.0,665.0,680.0,NMB,24820.0
2016-05-12,670.0,673.0,662.0,670.0,NMB,29942.0
2016-05-15,665.0,675.0,652.0,670.0,NMB,35057.0
2016-05-16,662.0,667.0,660.0,665.0,NMB,22127.0
2016-05-17,667.0,670.0,660.0,662.0,NMB,29614.0
2016-05-18,675.0,683.0,670.0,667.0,NMB,67235.0
2016-05-19,685.0,690.0,680.0,675.0,NMB,38380.0
2016-05-22,685.0,694.0,675.0,685.0,NMB,20791.0
2016-05-23,697.0,710.0,680.0,685.0,NMB,44347.0
2016-05-24,719.0,719.0,700.0,697.0,NMB,69458.0
2016-05-25,697.0,718.0,680.0,719.0,NMB,83949.0
2016-05-26,685.0,701.0,671.0,697.0,NMB,60687.0
2016-05-29,673.0,695.0,652.0,685.0,NMB,39873.0
2016-05-30,665.0,681.0,661.0,673.0,NMB,26227.0
2016-05-31,665.0,680.0,652.0,665.0,NMB,28353.0
2016-06-01,665.0,670.0,651.0,665.0,NMB,25590.0
2016-06-02,660.0,670.0,645.0,665.0,NMB,20452.0
2016-06-05,635.0,659.0,632.0,660.0,NMB,33947.0
2016-06-06,652.0,672.0,640.0,635.0,NMB,33184.0
2016-06-07,675.0,677.0,655.0,652.0,NMB,34887.0
2016-06-08,690.0,690.0,677.0,675.0,NMB,32414.0
2016-06-09,685.0,690.0,670.0,690.0,NMB,30965.0
2016-06-12,702.0,708.0,686.0,685.0,NMB,54711.0
2016-06-13,725.0,738.0,700.0,702.0,NMB,70252.0
2016-06-14,719.0,735.0,719.0,725.0,NMB,52700.0
2016-06-15,725.0,731.0,712.0,719.0,NMB,33720.0
2016-06-16,715.0,735.0,715.0,725.0,NMB,31855.0
2016-06-19,708.0,734.0,700.0,715.0,NMB,33023.0
2016-06-20,711.0,717.0,705.0,708.0,NMB,27121.0
2016-06-21,729.0,729.0,709.0,711.0,NMB,33780.0
2016-06-22,740.0,757.0,728.0,729.0,NMB,73412.0
2016-06-23,739.0,753.0,735.0,740.0,NMB,54489.0
2016-06-26,770.0,770.0,745.0,739.0,NMB,65408.0
2016-06-27,796.0,814.0,776.0,770.0,NMB,73738.0
2016-06-28,820.0,821.0,795.0,796.0,NMB,110316.0
2016-06-29,816.0,833.0,810.0,820.0,NMB,50009.0
2016-06-30,806.0,811.0,797.0,816.0,NMB,26632.0
2016-07-03,800.0,810.0,784.0,806.0,NMB,26050.0
2016-07-04,790.0,800.0,789.0,800.0,NMB,21718.0
2016-07-05,792.0,795.0,776.0,790.0,NMB,28581.0
2016-07-06,801.0,807.0,795.0,792.0,NMB,33550.0
2016-07-10,797.0,810.0,797.0,801.0,NMB,26070.0
2016-07-11,795.0,798.0,790.0,797.0,NMB,11683.0
2016-07-12,780.0,795.0,755.0,795.0,NMB,35722.0
2016-07-13,779.0,780.0,755.0,780.0,NMB,17631.0
2016-07-14,788.0,794.0,776.0,779.0,NMB,49393.0
2016-07-17,808.0,815.0,775.0,788.0,NMB,43879.0
2016-07-18,821.0,845.0,813.0,808.0,NMB,27427.0
2016-07-19,838.0,851.0,812.0,821.0,NMB,29176.0
2016-07-20,822.0,850.0,815.0,838.0,NMB,37917.0
2016-07-21,810.0,823.0,810.0,822.0,NMB,19256.0
2016-07-25,855.0,860.0,810.0,810.0,NMB,76807.0
2016-07-26,890.0,900.0,850.0,855.0,NMB,82065.0
2016-07-27,886.0,912.0,880.0,890.0,NMB,51996.0
2016-07-28,890.0,902.0,870.0,886.0,NMB,90622.0
2016-07-31,879.0,907.0,873.0,890.0,NMB,53303.0
2016-08-01,866.0,888.0,860.0,879.0,NMB,32348.0
2016-08-02,859.0,870.0,851.0,866.0,NMB,37834.0
2016-08-03,854.0,869.0,835.0,859.0,NMB,46959.0
2016-08-04,826.0,854.0,822.0,854.0,NMB,57187.0
2016-08-07,823.0,860.0,820.0,826.0,NMB,81581.0
2016-08-08,752.0,820.0,752.0,823.0,NMB,47205.0
2016-08-09,827.0,827.0,767.0,752.0,NMB,10651.0
2016-08-10,853.0,893.0,820.0,827.0,NMB,71202.0
2016-08-11,855.0,870.0,851.0,853.0,NMB,44946.0
2016-08-12,855.0,870.0,851.0,853.0,NMB,44946.0
2016-08-14,830.0,855.0,826.0,855.0,NMB,41864.0
2016-08-15,814.0,836.0,787.0,830.0,NMB,39982.0
2016-08-16,830.0,841.0,794.0,814.0,NMB,38558.0
2016-08-17,825.0,834.0,821.0,830.0,NMB,28741.0
2016-08-21,815.0,830.0,803.0,825.0,NMB,17065.0
2016-08-22,790.0,805.0,783.0,815.0,NMB,33657.0
2016-08-23,790.0,805.0,775.0,790.0,NMB,24827.0
2016-08-24,810.0,810.0,790.0,790.0,NMB,14909.0
2016-08-28,835.0,840.0,790.0,810.0,NMB,41915.0
2016-08-29,900.0,903.0,835.0,835.0,NMB,93824.0
2016-08-30,893.0,918.0,873.0,900.0,NMB,64649.0
2016-08-31,892.0,899.0,882.0,893.0,NMB,73032.0
2016-09-01,889.0,907.0,885.0,892.0,NMB,61054.0
2016-09-03,919.0,922.0,900.0,889.0,NMB,84273.0
2016-09-04,919.0,922.0,900.0,889.0,NMB,84273.0
2016-09-05,927.0,940.0,920.0,919.0,NMB,82839.0
2016-09-06,917.0,936.0,900.0,927.0,NMB,75501.0
2016-09-07,900.0,920.0,882.0,917.0,NMB,45047.0
2016-09-08,891.0,910.0,891.0,900.0,NMB,25664.0
2016-09-11,891.0,909.0,881.0,891.0,NMB,20836.0
2016-09-12,883.0,885.0,878.0,891.0,NMB,22653.0
2016-09-14,875.0,890.0,870.0,883.0,NMB,41950.0
2016-09-18,866.0,888.0,860.0,875.0,NMB,44523.0
2016-09-20,866.0,895.0,855.0,866.0,NMB,48920.0
2016-09-21,855.0,863.0,839.0,866.0,NMB,29639.0
2016-09-22,842.0,870.0,838.0,855.0,NMB,27002.0
2016-09-25,810.0,850.0,807.0,842.0,NMB,26134.0
2016-09-26,817.0,825.0,808.0,810.0,NMB,25579.0
2016-09-27,825.0,840.0,820.0,817.0,NMB,18441.0
2016-09-28,802.0,827.0,801.0,825.0,NMB,18873.0
2016-09-29,820.0,830.0,795.0,802.0,NMB,35999.0
2016-10-02,810.0,830.0,800.0,820.0,NMB,21143.0
2016-10-03,817.0,822.0,813.0,810.0,NMB,18176.0
2016-10-04,820.0,823.0,811.0,817.0,NMB,22434.0
2016-10-05,815.0,825.0,813.0,820.0,NMB,15902.0
2016-10-06,815.0,825.0,812.0,815.0,NMB,16350.0
2016-10-16,813.0,824.0,807.0,815.0,NMB,4316.0
2016-10-17,814.0,814.0,800.0,813.0,NMB,13733.0
2016-10-18,804.0,810.0,803.0,814.0,NMB,9737.0
2016-10-19,804.0,806.0,800.0,804.0,NMB,18981.0
2016-10-20,800.0,810.0,793.0,804.0,NMB,24274.0
2016-10-23,793.0,807.0,793.0,800.0,NMB,14378.0
2016-10-24,774.0,785.0,764.0,793.0,NMB,39888.0
2016-10-25,727.0,761.0,722.0,774.0,NMB,38957.0
2016-10-26,717.0,735.0,700.0,727.0,NMB,26810.0
2016-10-27,718.0,724.0,714.0,717.0,NMB,10563.0
2016-11-03,704.0,730.0,704.0,718.0,NMB,6334.0
2016-11-07,707.0,719.0,704.0,704.0,NMB,16526.0
2016-11-08,698.0,707.0,690.0,707.0,NMB,16574.0
2016-11-09,683.0,703.0,670.0,698.0,NMB,19153.0
2016-11-10,679.0,696.0,670.0,683.0,NMB,28813.0
2016-11-13,687.0,691.0,675.0,679.0,NMB,27774.0
2016-11-14,699.0,711.0,690.0,687.0,NMB,36940.0
2016-11-15,707.0,710.0,699.0,699.0,NMB,29778.0
2016-11-16,700.0,708.0,691.0,707.0,NMB,27167.0
2016-11-17,684.0,695.0,675.0,700.0,NMB,25873.0
2016-11-20,669.0,690.0,647.0,684.0,NMB,25857.0
2016-11-21,675.0,679.0,619.0,669.0,NMB,30478.0
2016-11-22,645.0,668.0,625.0,675.0,NMB,30745.0
2016-11-23,635.0,645.0,620.0,645.0,NMB,17338.0
2016-11-24,645.0,672.0,630.0,635.0,NMB,33917.0
2016-11-27,625.0,645.0,613.0,645.0,NMB,27085.0
2016-11-28,653.0,667.0,580.0,625.0,NMB,27312.0
2016-11-29,665.0,666.0,605.0,653.0,NMB,19614.0
2016-11-30,700.0,714.0,667.0,665.0,NMB,44119.0
2016-12-01,697.0,715.0,680.0,700.0,NMB,26630.0
2016-12-04,678.0,700.0,675.0,697.0,NMB,18143.0
2016-12-05,656.0,680.0,652.0,678.0,NMB,6260.0
2016-12-06,655.0,678.0,649.0,656.0,NMB,13852.0
2016-12-07,665.0,668.0,660.0,655.0,NMB,4768.0
2016-12-08,660.0,665.0,660.0,665.0,NMB,5826.0
2016-12-11,648.0,665.0,648.0,660.0,NMB,8199.0
2016-12-12,640.0,650.0,636.0,648.0,NMB,23867.0
2016-12-14,657.0,664.0,641.0,640.0,NMB,12540.0
2016-12-15,671.0,673.0,657.0,657.0,NMB,7659.0
2016-12-18,660.0,665.0,651.0,671.0,NMB,7297.0
2016-12-19,650.0,656.0,649.0,660.0,NMB,11383.0
2016-12-20,640.0,650.0,638.0,650.0,NMB,11858.0
2016-12-21,620.0,642.0,613.0,640.0,NMB,40645.0
2016-12-22,503.0,511.0,500.0,521.0,NMB,11464.0
2016-12-26,485.0,500.0,485.0,503.0,NMB,7798.0
2016-12-27,481.0,492.0,474.0,485.0,NMB,10556.0
2016-12-28,489.0,490.0,475.0,481.0,NMB,6545.0
2016-12-29,499.0,504.0,488.0,489.0,NMB,8932.0
2017-01-01,513.0,516.0,501.0,499.0,NMB,6252.0
2017-01-02,520.0,524.0,505.0,513.0,NMB,3921.0
2017-01-03,503.0,515.0,503.0,520.0,NMB,4863.0
2017-01-04,500.0,504.0,486.0,503.0,NMB,10629.0
2017-01-05,500.0,510.0,499.0,500.0,NMB,10683.0
2017-01-08,499.0,500.0,495.0,500.0,NMB,7878.0
2017-01-09,503.0,505.0,496.0,499.0,NMB,9804.0
2017-01-10,508.0,509.0,500.0,503.0,NMB,3048.0
2017-01-11,511.0,517.0,506.0,508.0,NMB,5515.0
2017-01-12,510.0,512.0,505.0,511.0,NMB,9711.0
2017-01-13,510.0,512.0,505.0,511.0,NMB,9711.0
2017-01-14,510.0,512.0,505.0,511.0,NMB,9711.0
2017-01-15,508.0,510.0,500.0,510.0,NMB,3205.0
2017-01-16,504.0,510.0,503.0,508.0,NMB,1013.0
2017-01-17,514.0,515.0,493.0,504.0,NMB,3211.0
2017-01-18,505.0,509.0,500.0,514.0,NMB,7043.0
2017-01-19,500.0,510.0,500.0,505.0,NMB,8493.0
2017-01-22,507.0,510.0,500.0,500.0,NMB,4273.0
2017-01-23,500.0,502.0,498.0,507.0,NMB,3278.0
2017-01-24,487.0,500.0,487.0,500.0,NMB,13207.0
2017-01-25,472.0,496.0,470.0,487.0,NMB,9778.0
2017-01-26,460.0,484.0,450.0,472.0,NMB,15765.0
2017-01-30,448.0,460.0,440.0,460.0,NMB,12136.0
2017-01-31,458.0,465.0,428.0,448.0,NMB,14269.0
2017-02-01,483.0,484.0,455.0,458.0,NMB,16513.0
2017-02-02,483.0,492.0,470.0,483.0,NMB,8359.0
2017-02-05,475.0,483.0,466.0,483.0,NMB,4034.0
2017-02-06,467.0,476.0,467.0,475.0,NMB,9297.0
2017-02-07,465.0,466.0,454.0,467.0,NMB,2049.0
2017-02-08,460.0,470.0,455.0,465.0,NMB,7900.0
2017-02-09,447.0,462.0,445.0,460.0,NMB,25538.0
2017-02-12,435.0,452.0,427.0,447.0,NMB,18631.0
2017-02-13,446.0,454.0,413.0,435.0,NMB,15659.0
2017-02-14,450.0,455.0,432.0,446.0,NMB,8912.0
2017-02-15,463.0,469.0,442.0,450.0,NMB,16433.0
2017-02-16,478.0,484.0,461.0,463.0,NMB,20575.0
2017-02-19,484.0,490.0,465.0,478.0,NMB,11530.0
2017-02-20,475.0,507.0,473.0,484.0,NMB,11144.0
2017-02-21,474.0,492.0,461.0,475.0,NMB,14411.0
2017-02-22,472.0,480.0,460.0,474.0,NMB,3579.0
2017-02-23,468.0,475.0,465.0,472.0,NMB,2331.0
2017-02-26,450.0,460.0,450.0,468.0,NMB,5816.0
2017-02-28,445.0,445.0,430.0,450.0,NMB,17909.0
2017-03-01,454.0,455.0,443.0,445.0,NMB,6724.0
2017-03-02,454.0,469.0,448.0,454.0,NMB,5332.0
2017-03-05,471.0,471.0,455.0,454.0,NMB,5575.0
2017-03-06,471.0,471.0,455.0,454.0,NMB,5575.0
2017-03-07,471.0,471.0,455.0,454.0,NMB,5575.0
2017-03-08,461.0,475.0,461.0,471.0,NMB,6729.0
2017-03-09,461.0,468.0,457.0,457.0,NMB,4004.0
2017-03-14,456.0,470.0,455.0,461.0,NMB,4313.0
2017-03-15,460.0,463.0,451.0,455.0,NMB,5816.0
2017-03-16,460.0,463.0,451.0,455.0,NMB,5816.0
2017-03-19,463.0,468.0,460.0,458.0,NMB,16399.0
2017-03-20,473.0,490.0,463.0,463.0,NMB,18743.0
2017-03-21,491.0,495.0,471.0,473.0,NMB,15047.0
2017-03-22,505.0,527.0,490.0,491.0,NMB,29378.0
2017-03-23,505.0,527.0,490.0,491.0,NMB,29378.0
2017-03-24,505.0,527.0,490.0,491.0,NMB,29378.0
2017-03-26,539.0,551.0,510.0,511.0,NMB,23518.0
2017-03-28,576.0,582.0,547.0,539.0,NMB,23850.0
2017-03-29,578.0,602.0,568.0,576.0,NMB,32073.0
2017-03-30,568.0,578.0,560.0,578.0,NMB,17496.0
2017-04-02,620.0,620.0,575.0,568.0,NMB,17493.0
2017-04-03,596.0,669.0,596.0,620.0,NMB,24220.0
2017-04-04,594.0,620.0,589.0,596.0,NMB,31520.0
2017-04-06,592.0,605.0,590.0,594.0,NMB,17687.0
2017-04-09,620.0,625.0,602.0,592.0,NMB,26423.0
2017-04-10,620.0,625.0,602.0,592.0,NMB,26423.0
2017-04-11,620.0,625.0,602.0,592.0,NMB,26423.0
2017-04-12,650.0,670.0,645.0,660.0,NMB,23128.0
2017-04-13,643.0,659.0,637.0,650.0,NMB,14226.0
2017-04-14,643.0,659.0,637.0,650.0,NMB,14226.0
2017-04-15,643.0,659.0,637.0,650.0,NMB,14226.0
2017-04-16,643.0,659.0,637.0,650.0,NMB,14226.0
2017-04-18,605.0,625.0,593.0,620.0,NMB,27003.0
2017-04-19,631.0,631.0,610.0,605.0,NMB,23771.0
2017-04-20,627.0,640.0,622.0,631.0,NMB,27136.0
2017-04-23,647.0,655.0,630.0,627.0,NMB,57086.0
2017-04-24,636.0,648.0,630.0,647.0,NMB,18589.0
2017-04-25,627.0,641.0,625.0,636.0,NMB,17996.0
2017-04-26,620.0,630.0,620.0,627.0,NMB,14642.0
2017-04-27,607.0,631.0,604.0,620.0,NMB,13313.0
2017-04-28,607.0,631.0,604.0,620.0,NMB,13313.0
2017-04-29,607.0,631.0,604.0,620.0,NMB,13313.0
2017-04-30,607.0,631.0,604.0,620.0,NMB,13313.0
2017-05-02,620.0,620.0,600.0,607.0,NMB,24704.0
2017-05-03,620.0,632.0,610.0,620.0,NMB,17563.0
2017-05-04,616.0,629.0,610.0,620.0,NMB,14331.0
2017-05-07,599.0,609.0,594.0,616.0,NMB,12595.0
2017-05-08,607.0,612.0,600.0,599.0,NMB,7535.0
2017-05-09,607.0,616.0,604.0,607.0,NMB,6175.0
2017-05-11,604.0,610.0,600.0,607.0,NMB,18997.0
2017-05-15,604.0,623.0,603.0,604.0,NMB,10839.0
2017-05-16,605.0,610.0,600.0,604.0,NMB,4410.0
2017-05-17,595.0,606.0,595.0,605.0,NMB,7893.0
2017-05-18,590.0,596.0,580.0,595.0,NMB,31431.0
2017-05-21,576.0,591.0,576.0,590.0,NMB,6693.0
2017-05-22,590.0,590.0,570.0,576.0,NMB,7271.0
2017-05-23,590.0,600.0,579.0,590.0,NMB,3791.0
2017-05-24,585.0,590.0,575.0,590.0,NMB,10297.0
2017-05-28,576.0,585.0,572.0,585.0,NMB,8354.0
2017-05-30,565.0,585.0,565.0,576.0,NMB,7093.0
2017-05-31,560.0,569.0,550.0,565.0,NMB,29005.0
2017-06-01,558.0,566.0,558.0,560.0,NMB,20334.0
2017-06-04,554.0,560.0,550.0,558.0,NMB,12660.0
2017-06-05,558.0,563.0,552.0,554.0,NMB,9387.0
2017-06-06,594.0,595.0,565.0,558.0,NMB,34088.0
2017-06-07,583.0,608.0,583.0,594.0,NMB,18015.0
2017-06-08,576.0,582.0,573.0,583.0,NMB,6317.0
2017-06-11,567.0,587.0,565.0,576.0,NMB,36850.0
2017-06-12,566.0,571.0,556.0,567.0,NMB,14492.0
2017-06-13,568.0,572.0,562.0,566.0,NMB,5572.0
2017-06-14,565.0,569.0,560.0,568.0,NMB,8700.0
2017-06-15,563.0,574.0,554.0,565.0,NMB,10662.0
2017-06-18,551.0,565.0,551.0,563.0,NMB,7603.0
2017-06-19,543.0,549.0,543.0,551.0,NMB,13637.0
2017-06-20,545.0,550.0,540.0,543.0,NMB,6017.0
2017-06-21,543.0,546.0,530.0,545.0,NMB,8777.0
2017-06-22,543.0,545.0,541.0,543.0,NMB,9977.0
2017-06-25,547.0,550.0,543.0,543.0,NMB,5224.0
2017-06-27,544.0,547.0,540.0,547.0,NMB,9724.0
2017-06-28,540.0,549.0,538.0,544.0,NMB,6559.0
2017-07-02,530.0,540.0,530.0,540.0,NMB,8005.0
2017-07-03,531.0,537.0,530.0,530.0,NMB,9042.0
2017-07-04,526.0,532.0,526.0,531.0,NMB,5806.0
2017-07-05,532.0,532.0,520.0,526.0,NMB,6232.0
2017-07-06,543.0,549.0,538.0,532.0,NMB,15255.0
2017-07-09,555.0,564.0,528.0,543.0,NMB,14587.0
2017-07-10,536.0,560.0,526.0,555.0,NMB,8157.0
2017-07-11,552.0,554.0,540.0,536.0,NMB,10846.0
2017-07-12,550.0,552.0,546.0,552.0,NMB,5741.0
2017-07-13,545.0,555.0,540.0,550.0,NMB,11036.0
2017-07-16,545.0,545.0,540.0,545.0,NMB,6607.0
2017-07-17,551.0,553.0,540.0,545.0,NMB,8427.0
2017-07-18,578.0,578.0,558.0,551.0,NMB,12104.0
2017-07-19,565.0,580.0,565.0,578.0,NMB,18836.0
2017-07-20,559.0,564.0,556.0,565.0,NMB,6683.0
2017-07-23,552.0,566.0,546.0,559.0,NMB,13420.0
2017-07-24,550.0,552.0,537.0,552.0,NMB,19509.0
2017-07-25,543.0,555.0,543.0,550.0,NMB,10604.0
2017-07-26,541.0,544.0,538.0,543.0,NMB,17041.0
2017-07-27,553.0,559.0,544.0,541.0,NMB,19026.0
2017-07-30,552.0,560.0,545.0,553.0,NMB,6616.0
2017-07-31,554.0,565.0,550.0,552.0,NMB,15503.0
2017-08-01,554.0,559.0,552.0,554.0,NMB,6343.0
2017-08-02,555.0,557.0,550.0,554.0,NMB,3839.0
2017-08-03,556.0,557.0,553.0,555.0,NMB,9984.0
2017-08-06,552.0,557.0,550.0,556.0,NMB,8858.0
2017-08-07,552.0,560.0,551.0,552.0,NMB,9131.0
2017-08-09,548.0,553.0,546.0,552.0,NMB,5811.0
2017-08-10,544.0,548.0,540.0,548.0,NMB,9234.0
2017-08-13,538.0,542.0,534.0,544.0,NMB,14171.0
2017-08-15,533.0,541.0,532.0,538.0,NMB,5525.0
2017-08-16,531.0,543.0,526.0,533.0,NMB,6203.0
2017-08-17,531.0,534.0,529.0,531.0,NMB,6015.0
2017-08-20,525.0,531.0,523.0,531.0,NMB,5409.0
2017-08-21,523.0,528.0,520.0,525.0,NMB,3251.0
2017-08-22,526.0,535.0,514.0,523.0,NMB,4098.0
2017-08-23,521.0,528.0,516.0,526.0,NMB,4859.0
2017-08-24,522.0,522.0,511.0,521.0,NMB,5456.0
2017-08-27,523.0,540.0,523.0,522.0,NMB,5300.0
2017-08-28,517.0,524.0,514.0,523.0,NMB,7136.0
2017-08-30,506.0,513.0,505.0,517.0,NMB,10529.0
2017-08-31,500.0,508.0,498.0,506.0,NMB,11312.0
2017-09-04,478.0,500.0,478.0,500.0,NMB,15259.0
2017-09-06,488.0,491.0,483.0,478.0,NMB,10724.0
2017-09-07,485.0,492.0,484.0,488.0,NMB,7211.0
2017-09-10,470.0,480.0,470.0,485.0,NMB,16947.0
2017-09-11,470.0,483.0,461.0,470.0,NMB,5991.0
2017-09-12,472.0,477.0,467.0,470.0,NMB,9233.0
2017-09-13,464.0,472.0,450.0,472.0,NMB,8205.0
2017-09-14,477.0,477.0,464.0,464.0,NMB,5839.0
2017-09-17,480.0,486.0,475.0,477.0,NMB,8061.0
2017-09-18,487.0,487.0,478.0,480.0,NMB,3075.0
2017-09-20,482.0,487.0,475.0,487.0,NMB,5776.0
2017-09-24,480.0,483.0,480.0,482.0,NMB,1390.0
2017-09-25,488.0,488.0,475.0,480.0,NMB,3199.0
2017-09-26,494.0,494.0,482.0,488.0,NMB,3008.0
2017-10-03,494.0,494.0,494.0,494.0,NMB,169.0
2017-10-04,481.0,497.0,481.0,494.0,NMB,3611.0
2017-10-08,470.0,472.0,455.0,481.0,NMB,4675.0
2017-10-09,465.0,475.0,460.0,470.0,NMB,11468.0
2017-10-10,470.0,470.0,460.0,465.0,NMB,3155.0
2017-10-11,467.0,474.0,465.0,470.0,NMB,4347.0
2017-10-12,470.0,471.0,463.0,467.0,NMB,7788.0
2017-10-15,476.0,479.0,465.0,470.0,NMB,14124.0
2017-10-16,494.0,494.0,480.0,476.0,NMB,4979.0
2017-10-17,485.0,505.0,485.0,494.0,NMB,7491.0
2017-10-18,490.0,495.0,480.0,485.0,NMB,4213.0
2017-10-22,492.0,495.0,490.0,490.0,NMB,2355.0
2017-10-23,488.0,488.0,480.0,492.0,NMB,5706.0
2017-10-24,487.0,491.0,483.0,488.0,NMB,3723.0
2017-10-25,485.0,487.0,484.0,487.0,NMB,2121.0
2017-10-29,485.0,486.0,480.0,485.0,NMB,14379.0
2017-10-30,484.0,488.0,478.0,485.0,NMB,3162.0
2017-10-31,480.0,482.0,478.0,484.0,NMB,6232.0
2017-11-01,478.0,479.0,475.0,480.0,NMB,6165.0
2017-11-02,485.0,490.0,479.0,478.0,NMB,7590.0
2017-11-05,473.0,482.0,470.0,485.0,NMB,11638.0
2017-11-06,474.0,480.0,466.0,473.0,NMB,7939.0
2017-11-07,471.0,477.0,470.0,474.0,NMB,8477.0
2017-11-08,464.0,473.0,453.0,471.0,NMB,8499.0
2017-11-09,468.0,470.0,463.0,464.0,NMB,4745.0
2017-11-12,471.0,471.0,466.0,468.0,NMB,7484.0
2017-11-13,471.0,471.0,466.0,468.0,NMB,7484.0
2017-11-14,471.0,471.0,466.0,468.0,NMB,7484.0
2017-11-15,479.0,487.0,474.0,474.0,NMB,6223.0
2017-11-16,480.0,480.0,472.0,483.0,NMB,12019.0
2017-11-19,470.0,480.0,453.0,480.0,NMB,12507.0
2017-11-20,465.0,470.0,465.0,470.0,NMB,6428.0
2017-11-21,466.0,474.0,466.0,465.0,NMB,1744.0
2017-11-22,466.0,470.0,465.0,466.0,NMB,2932.0
2017-11-23,472.0,475.0,470.0,466.0,NMB,4785.0
2017-11-26,480.0,484.0,472.0,472.0,NMB,4437.0
2017-11-27,479.0,489.0,479.0,480.0,NMB,4879.0
2017-11-28,485.0,487.0,479.0,479.0,NMB,18281.0
2017-11-29,487.0,491.0,487.0,485.0,NMB,9059.0
2017-11-30,490.0,490.0,480.0,487.0,NMB,7639.0
2017-12-04,490.0,491.0,486.0,490.0,NMB,22202.0
2017-12-05,484.0,487.0,483.0,490.0,NMB,7749.0
2017-12-06,491.0,493.0,488.0,484.0,NMB,10114.0
2017-12-10,491.0,494.0,490.0,491.0,NMB,12108.0
2017-12-11,489.0,490.0,488.0,491.0,NMB,3268.0
2017-12-12,481.0,490.0,481.0,489.0,NMB,7084.0
2017-12-13,480.0,482.0,476.0,481.0,NMB,3566.0
2017-12-14,480.0,486.0,479.0,480.0,NMB,3252.0
2017-12-17,477.0,480.0,475.0,480.0,NMB,6141.0
2017-12-18,469.0,477.0,468.0,477.0,NMB,8158.0
2017-12-19,474.0,475.0,472.0,469.0,NMB,3723.0
2017-12-20,474.0,475.0,472.0,469.0,NMB,3723.0
2017-12-21,474.0,475.0,472.0,469.0,NMB,3723.0
2017-12-22,474.0,475.0,472.0,469.0,NMB,3723.0
2017-12-23,474.0,475.0,472.0,469.0,NMB,3723.0
2017-12-24,468.0,473.0,468.0,469.0,NMB,6357.0
2017-12-26,465.0,469.0,460.0,468.0,NMB,6883.0
2017-12-27,456.0,465.0,454.0,465.0,NMB,4897.0
2017-12-28,460.0,461.0,455.0,456.0,NMB,6172.0
2017-12-29,460.0,461.0,455.0,456.0,NMB,6172.0
2017-12-30,460.0,461.0,455.0,456.0,NMB,6172.0
2017-12-31,460.0,461.0,455.0,456.0,NMB,6172.0
2018-01-01,453.0,459.0,445.0,460.0,NMB,12451.0
2018-01-02,465.0,472.0,460.0,464.0,NMB,10550.0
2018-01-03,458.0,460.0,455.0,465.0,NMB,10244.0
2018-01-04,456.0,460.0,454.0,458.0,NMB,2741.0
2018-01-07,452.0,458.0,447.0,456.0,NMB,5604.0
2018-01-08,458.0,460.0,452.0,452.0,NMB,1992.0
2018-01-09,464.0,464.0,457.0,458.0,NMB,7457.0
2018-01-10,460.0,465.0,460.0,464.0,NMB,3277.0
2018-01-14,457.0,460.0,456.0,460.0,NMB,1751.0
2018-01-16,454.0,455.0,451.0,457.0,NMB,6698.0
2018-01-17,450.0,453.0,447.0,454.0,NMB,4694.0
2018-01-18,450.0,453.0,447.0,454.0,NMB,4694.0
2018-01-22,450.0,450.0,440.0,443.0,NMB,15413.0
2018-01-23,446.0,450.0,440.0,450.0,NMB,6593.0
2018-01-24,447.0,450.0,444.0,446.0,NMB,6249.0
2018-01-25,447.0,449.0,433.0,447.0,NMB,10116.0
2018-01-28,463.0,465.0,447.0,447.0,NMB,28166.0
2018-01-29,464.0,470.0,461.0,463.0,NMB,18395.0
2018-01-31,474.0,474.0,465.0,464.0,NMB,19377.0
2018-02-01,472.0,479.0,466.0,474.0,NMB,19718.0
2018-02-04,476.0,477.0,473.0,472.0,NMB,33882.0
2018-02-05,474.0,480.0,470.0,476.0,NMB,23034.0
2018-02-06,466.0,471.0,466.0,474.0,NMB,8936.0
2018-02-07,463.0,467.0,462.0,466.0,NMB,4212.0
2018-02-08,468.0,470.0,465.0,463.0,NMB,2790.0
2018-02-11,468.0,474.0,466.0,468.0,NMB,3093.0
2018-02-12,460.0,470.0,460.0,468.0,NMB,14560.0
2018-02-14,466.0,467.0,459.0,460.0,NMB,13269.0
2018-02-15,481.0,492.0,462.0,466.0,NMB,32657.0
2018-02-18,475.0,490.0,475.0,490.0,NMB,17687.0
2018-02-20,465.0,484.0,465.0,483.0,NMB,24369.0
2018-02-21,465.0,465.0,460.0,461.0,NMB,4777.0
2018-02-22,462.0,470.0,462.0,470.0,NMB,8172.0
2018-02-25,460.0,463.0,458.0,460.0,NMB,7549.0
2018-02-26,453.0,463.0,453.0,460.0,NMB,7378.0
2018-02-27,460.0,464.0,453.0,453.0,NMB,6705.0
2018-02-28,455.0,459.0,451.0,456.0,NMB,14739.0
2018-03-04,440.0,450.0,424.0,450.0,NMB,10971.0
2018-03-05,435.0,450.0,430.0,445.0,NMB,15661.0
2018-03-06,432.0,438.0,420.0,435.0,NMB,32814.0
2018-03-07,441.0,441.0,435.0,439.0,NMB,14773.0
2018-03-11,433.0,440.0,432.0,440.0,NMB,7761.0
2018-03-12,436.0,438.0,431.0,433.0,NMB,7224.0
2018-03-13,439.0,439.0,431.0,436.0,NMB,5894.0
2018-03-14,439.0,439.0,431.0,438.0,NMB,8840.0
2018-03-15,440.0,441.0,435.0,435.0,NMB,3363.0
2018-03-20,424.0,433.0,420.0,433.0,NMB,7288.0
2018-03-21,420.0,425.0,416.0,420.0,NMB,7025.0
2018-03-22,412.0,420.0,410.0,413.0,NMB,18850.0
2018-03-29,421.0,430.0,418.0,418.0,NMB,7500.0
2018-04-01,414.0,421.0,410.0,421.0,NMB,4613.0
2018-04-02,413.0,420.0,413.0,414.0,NMB,3514.0
2018-04-03,416.0,418.0,410.0,410.0,NMB,2804.0
2018-04-04,425.0,426.0,416.0,416.0,NMB,5028.0
2018-04-05,441.0,444.0,426.0,433.0,NMB,11937.0
2018-04-08,453.0,455.0,438.0,441.0,NMB,13817.0
2018-04-09,448.0,462.0,448.0,462.0,NMB,6869.0
2018-04-10,446.0,450.0,440.0,440.0,NMB,6729.0
2018-04-11,435.0,444.0,431.0,438.0,NMB,17387.0
2018-04-18,457.0,479.0,450.0,453.0,NMB,16845.0
2018-04-19,479.0,480.0,456.0,456.0,NMB,31030.0
2018-04-22,486.0,490.0,476.0,482.0,NMB,35631.0
2018-04-23,478.0,502.0,477.0,495.0,NMB,35071.0
2018-04-24,479.0,485.0,474.0,476.0,NMB,13367.0
2018-04-25,472.0,479.0,470.0,475.0,NMB,13223.0
2018-04-26,473.0,481.0,466.0,481.0,NMB,14450.0
2018-04-29,466.0,475.0,465.0,475.0,NMB,4650.0
2018-05-02,469.0,469.0,452.0,467.0,NMB,6375.0
2018-05-03,470.0,477.0,469.0,477.0,NMB,9608.0
2018-05-06,466.0,476.0,466.0,476.0,NMB,4645.0
2018-05-07,463.0,468.0,460.0,465.0,NMB,18538.0
2018-05-08,469.0,469.0,462.0,469.0,NMB,11667.0
2018-05-09,463.0,470.0,460.0,465.0,NMB,35837.0
2018-05-10,463.0,466.0,462.0,462.0,NMB,25579.0
2018-05-14,460.0,462.0,458.0,460.0,NMB,11526.0
2018-05-15,461.0,461.0,460.0,460.0,NMB,2935.0
2018-05-16,460.0,464.0,459.0,464.0,NMB,10975.0
2018-05-17,465.0,465.0,458.0,460.0,NMB,13794.0
2018-05-20,465.0,471.0,458.0,471.0,NMB,17259.0
2018-05-21,460.0,461.0,458.0,460.0,NMB,4432.0
2018-05-22,458.0,460.0,451.0,455.0,NMB,2770.0
2018-05-23,455.0,456.0,453.0,456.0,NMB,10050.0
2018-05-24,450.0,453.0,450.0,452.0,NMB,7374.0
2018-05-27,437.0,445.0,437.0,445.0,NMB,9758.0
2018-05-28,444.0,452.0,430.0,430.0,NMB,12893.0
2018-05-29,419.0,436.0,413.0,436.0,NMB,71425.0
2018-05-30,414.0,420.0,411.0,412.0,NMB,25450.0
2018-05-31,405.0,415.0,405.0,414.0,NMB,13468.0
2018-06-03,397.0,413.0,390.0,397.0,NMB,14422.0
2018-06-04,395.0,401.0,395.0,395.0,NMB,14887.0
2018-06-06,395.0,410.0,395.0,395.0,NMB,5153.0
2018-06-07,380.0,392.0,380.0,392.0,NMB,18666.0
2018-06-10,370.0,375.0,366.0,375.0,NMB,28282.0
2018-06-11,371.0,378.0,363.0,369.0,NMB,14404.0
2018-06-12,367.0,371.0,366.0,370.0,NMB,5902.0
2018-06-13,368.0,371.0,362.0,365.0,NMB,14440.0
2018-06-14,372.0,382.0,368.0,370.0,NMB,28450.0
2018-06-17,355.0,365.0,355.0,365.0,NMB,54367.0
2018-06-18,351.0,353.0,349.0,350.0,NMB,31970.0
2018-06-19,350.0,357.0,349.0,357.0,NMB,20717.0
2018-06-20,351.0,366.0,351.0,352.0,NMB,12642.0
2018-06-21,349.0,358.0,345.0,358.0,NMB,12027.0
2018-06-24,349.0,355.0,349.0,355.0,NMB,8269.0
2018-06-25,348.0,349.0,344.0,349.0,NMB,7154.0
2018-06-26,346.0,349.0,342.0,349.0,NMB,8852.0
2018-06-27,346.0,347.0,342.0,345.0,NMB,3093.0
2018-06-28,346.0,347.0,344.0,347.0,NMB,8967.0
2018-07-01,342.0,347.0,342.0,345.0,NMB,8686.0
2018-07-02,340.0,345.0,339.0,339.0,NMB,1603.0
2018-07-03,339.0,343.0,338.0,342.0,NMB,10252.0
2018-07-04,344.0,344.0,338.0,339.0,NMB,6609.0
2018-07-05,352.0,354.0,341.0,344.0,NMB,13376.0
2018-07-08,349.0,360.0,349.0,355.0,NMB,5432.0
2018-07-09,343.0,346.0,341.0,345.0,NMB,5778.0
2018-07-10,345.0,349.0,342.0,342.0,NMB,3010.0
2018-07-11,354.0,358.0,351.0,351.0,NMB,14091.0
2018-07-12,354.0,361.0,352.0,360.0,NMB,15943.0
2018-07-15,351.0,354.0,350.0,350.0,NMB,8501.0
2018-07-16,358.0,364.0,353.0,353.0,NMB,10405.0
2018-07-17,355.0,360.0,353.0,360.0,NMB,11362.0
2018-07-18,358.0,358.0,354.0,355.0,NMB,10586.0
2018-07-19,358.0,360.0,355.0,356.0,NMB,7413.0
2018-07-22,354.0,356.0,353.0,355.0,NMB,4968.0
2018-07-23,354.0,357.0,352.0,353.0,NMB,8746.0
2018-07-24,355.0,362.0,353.0,354.0,NMB,16560.0
2018-07-25,354.0,357.0,354.0,357.0,NMB,7583.0
2018-07-26,354.0,359.0,354.0,354.0,NMB,14723.0
2018-07-29,361.0,362.0,356.0,360.0,NMB,23014.0
2018-07-30,364.0,368.0,360.0,360.0,NMB,29197.0
2018-07-31,364.0,371.0,364.0,371.0,NMB,21554.0
2018-08-01,365.0,369.0,365.0,367.0,NMB,78789.0
2018-08-02,318.0,328.0,316.0,323.0,NMB,7604.0
2018-08-05,317.0,318.0,316.0,317.0,NMB,5941.0
2018-08-06,315.0,317.0,314.0,317.0,NMB,6278.0
2018-08-07,316.0,316.0,313.0,315.0,NMB,9910.0
2018-08-08,316.0,316.0,313.0,315.0,NMB,9910.0
2018-08-09,313.0,320.0,311.0,318.0,NMB,9044.0
2018-08-12,307.0,318.0,307.0,318.0,NMB,8808.0
2018-08-13,311.0,313.0,305.0,305.0,NMB,7615.0
2018-08-14,320.0,320.0,311.0,314.0,NMB,12295.0
2018-08-15,323.0,326.0,318.0,324.0,NMB,28492.0
2018-08-16,332.0,335.0,320.0,329.0,NMB,51341.0
2018-08-19,328.0,331.0,325.0,328.0,NMB,11354.0
2018-08-20,325.0,332.0,323.0,332.0,NMB,14521.0
2018-08-21,323.0,325.0,322.0,322.0,NMB,9433.0
2018-08-22,318.0,319.0,315.0,319.0,NMB,16189.0
2018-08-23,310.0,313.0,303.0,312.0,NMB,161413.0
2018-08-26,308.0,310.0,306.0,308.0,NMB,25943.0
2018-08-28,312.0,312.0,303.0,308.0,NMB,46421.0
2018-08-29,311.0,318.0,308.0,318.0,NMB,28137.0
2018-08-30,316.0,316.0,310.0,315.0,NMB,31183.0
2018-09-02,324.0,326.0,315.0,317.0,NMB,65508.0
2018-09-03,325.0,329.0,322.0,328.0,NMB,76056.0
2018-09-04,325.0,331.0,323.0,325.0,NMB,78790.0
2018-09-05,333.0,337.0,325.0,325.0,NMB,135629.0
2018-09-06,336.0,342.0,332.0,338.0,NMB,308143.0
2018-09-09,334.0,339.0,331.0,333.0,NMB,62496.0
2018-09-10,331.0,335.0,330.0,335.0,NMB,29571.0
2018-09-11,334.0,335.0,331.0,332.0,NMB,47395.0
2018-09-12,338.0,340.0,333.0,335.0,NMB,89009.0
2018-09-13,352.0,359.0,337.0,338.0,NMB,172322.0
2018-09-16,360.0,372.0,352.0,356.0,NMB,203588.0
2018-09-17,357.0,365.0,355.0,365.0,NMB,172901.0
2018-09-18,358.0,360.0,355.0,357.0,NMB,69287.0
2018-09-20,361.0,363.0,356.0,360.0,NMB,106780.0
2018-09-23,368.0,372.0,358.0,362.0,NMB,107016.0
2018-09-25,377.0,380.0,368.0,368.0,NMB,126992.0
2018-09-26,373.0,377.0,367.0,377.0,NMB,162596.0
2018-09-27,370.0,377.0,369.0,377.0,NMB,57983.0
2018-09-30,364.0,371.0,363.0,366.0,NMB,72493.0
2018-10-01,356.0,364.0,355.0,361.0,NMB,78213.0
2018-10-02,357.0,360.0,353.0,354.0,NMB,46909.0
2018-10-03,350.0,358.0,349.0,355.0,NMB,74537.0
2018-10-04,350.0,354.0,345.0,350.0,NMB,91385.0
2018-10-07,345.0,350.0,345.0,347.0,NMB,58212.0
2018-10-08,350.0,352.0,346.0,346.0,NMB,25561.0
2018-10-09,348.0,354.0,346.0,350.0,NMB,34322.0
2018-10-10,348.0,350.0,347.0,347.0,NMB,12623.0
2018-10-11,356.0,356.0,348.0,348.0,NMB,39258.0
2018-10-14,362.0,364.0,358.0,363.0,NMB,68134.0
2018-10-15,360.0,365.0,359.0,364.0,NMB,61656.0
2018-10-21,363.0,366.0,359.0,359.0,NMB,28624.0
2018-10-22,362.0,365.0,361.0,365.0,NMB,10989.0
2018-10-23,362.0,363.0,359.0,362.0,NMB,16420.0
2018-10-24,360.0,362.0,359.0,362.0,NMB,22081.0
2018-10-25,355.0,363.0,355.0,359.0,NMB,21059.0
2018-10-28,352.0,361.0,351.0,355.0,NMB,28925.0
2018-10-29,349.0,352.0,347.0,352.0,NMB,23255.0
2018-10-30,353.0,353.0,346.0,346.0,NMB,23401.0
2018-10-31,353.0,354.0,351.0,354.0,NMB,13920.0
2018-11-01,351.0,354.0,350.0,353.0,NMB,24500.0
2018-11-04,347.0,350.0,344.0,349.0,NMB,19436.0
2018-11-05,351.0,353.0,347.0,347.0,NMB,17500.0
2018-11-06,354.0,356.0,347.0,351.0,NMB,3741.0
2018-11-11,349.0,354.0,349.0,354.0,NMB,5503.0
2018-11-12,346.0,350.0,345.0,348.0,NMB,6971.0
2018-11-13,349.0,351.0,344.0,344.0,NMB,11755.0
2018-11-14,349.0,350.0,347.0,349.0,NMB,16276.0
2018-11-15,345.0,352.0,345.0,349.0,NMB,17565.0
2018-11-18,343.0,345.0,342.0,343.0,NMB,9826.0
2018-11-19,344.0,345.0,341.0,343.0,NMB,8350.0
2018-11-20,342.0,345.0,341.0,343.0,NMB,18053.0
2018-11-21,344.0,344.0,337.0,340.0,NMB,52506.0
2018-11-22,356.0,362.0,347.0,347.0,NMB,219694.0
2018-11-25,356.0,360.0,355.0,355.0,NMB,102174.0
2018-11-26,357.0,358.0,355.0,357.0,NMB,63797.0
2018-11-27,358.0,360.0,357.0,360.0,NMB,54285.0
2018-11-28,360.0,360.0,357.0,358.0,NMB,58465.0
2018-11-29,360.0,363.0,359.0,360.0,NMB,74131.0
2018-12-02,357.0,361.0,355.0,361.0,NMB,96983.0
2018-12-03,358.0,362.0,355.0,355.0,NMB,39922.0
2018-12-04,359.0,360.0,357.0,357.0,NMB,59267.0
2018-12-05,351.0,359.0,351.0,359.0,NMB,67092.0
2018-12-06,356.0,357.0,347.0,348.0,NMB,126543.0
2018-12-09,359.0,359.0,355.0,356.0,NMB,41526.0
2018-12-10,363.0,363.0,359.0,360.0,NMB,52419.0
2018-12-11,363.0,368.0,360.0,363.0,NMB,69343.0
2018-12-12,363.0,365.0,362.0,363.0,NMB,42441.0
2018-12-13,370.0,372.0,363.0,363.0,NMB,45063.0
2018-12-16,374.0,377.0,371.0,377.0,NMB,49299.0
2018-12-17,375.0,384.0,374.0,375.0,NMB,81010.0
2018-12-18,378.0,391.0,375.0,385.0,NMB,114723.0
2018-12-19,380.0,383.0,374.0,374.0,NMB,93014.0
2018-12-20,381.0,388.0,379.0,381.0,NMB,148662.0
2018-12-23,392.0,395.0,385.0,388.0,NMB,185289.0
2018-12-24,387.0,398.0,385.0,398.0,NMB,255737.0
2018-12-25,336.0,365.0,335.0,365.0,NMB,68089.0
2018-12-26,343.0,347.0,335.0,337.0,NMB,56139.0
2018-12-27,337.0,345.0,335.0,345.0,NMB,47419.0
2018-12-30,335.0,339.0,333.0,337.0,NMB,24462.0
2018-12-31,329.0,335.0,329.0,332.0,NMB,41159.0
2019-01-01,325.0,332.0,325.0,328.0,NMB,21531.0
2019-01-02,320.0,329.0,320.0,323.0,NMB,31098.0
2019-01-03,323.0,325.0,321.0,323.0,NMB,19534.0
2019-01-06,319.0,324.0,318.0,324.0,NMB,13603.0
2019-01-07,324.0,325.0,315.0,315.0,NMB,15486.0
2019-01-08,326.0,329.0,324.0,328.0,NMB,20069.0
2019-01-09,326.0,330.0,326.0,330.0,NMB,10488.0
2019-01-10,325.0,328.0,325.0,326.0,NMB,19545.0
2019-01-13,326.0,326.0,321.0,321.0,NMB,13010.0
2019-01-14,325.0,326.0,322.0,326.0,NMB,16856.0
2019-01-15,325.0,329.0,325.0,329.0,NMB,8855.0
2019-01-16,323.0,328.0,322.0,325.0,NMB,15916.0
2019-01-17,324.0,324.0,321.0,323.0,NMB,8437.0
2019-01-20,321.0,323.0,320.0,321.0,NMB,3310.0
2019-01-21,319.0,323.0,318.0,321.0,NMB,19465.0
2019-01-22,317.0,323.0,317.0,319.0,NMB,28442.0
2019-01-23,320.0,320.0,318.0,318.0,NMB,14725.0
2019-01-24,319.0,322.0,317.0,322.0,NMB,19202.0
2019-01-27,316.0,323.0,315.0,323.0,NMB,32446.0
2019-01-28,317.0,320.0,316.0,320.0,NMB,26798.0
2019-01-29,316.0,318.0,315.0,316.0,NMB,12095.0
2019-01-30,317.0,317.0,315.0,316.0,NMB,12242.0
2019-01-31,317.0,318.0,316.0,317.0,NMB,9956.0
2019-02-03,316.0,319.0,315.0,316.0,NMB,42639.0
2019-02-04,316.0,318.0,314.0,315.0,NMB,19122.0
2019-02-05,315.0,317.0,312.0,314.0,NMB,26733.0
2019-02-06,312.0,317.0,312.0,315.0,NMB,20208.0
2019-02-07,313.0,315.0,312.0,312.0,NMB,16558.0
2019-02-10,310.0,314.0,310.0,312.0,NMB,22620.0
2019-02-11,311.0,314.0,307.0,308.0,NMB,26558.0
2019-02-12,311.0,313.0,310.0,313.0,NMB,15882.0
2019-02-13,311.0,317.0,309.0,312.0,NMB,17557.0
2019-02-14,308.0,311.0,307.0,310.0,NMB,30824.0
2019-02-17,309.0,311.0,306.0,309.0,NMB,23812.0
2019-02-18,306.0,309.0,304.0,309.0,NMB,34435.0
2019-02-19,309.0,309.0,305.0,308.0,NMB,12380.0
2019-02-20,305.0,310.0,305.0,310.0,NMB,19783.0
2019-02-21,301.0,308.0,301.0,308.0,NMB,21119.0
2019-02-24,302.0,307.0,300.0,301.0,NMB,23498.0
2019-02-25,302.0,306.0,300.0,302.0,NMB,22112.0
2019-02-26,304.0,305.0,302.0,302.0,NMB,19594.0
2019-02-27,303.0,307.0,302.0,303.0,NMB,33696.0
2019-03-03,307.0,307.0,302.0,302.0,NMB,31553.0
2019-03-05,306.0,307.0,303.0,307.0,NMB,25718.0
2019-03-06,306.0,308.0,304.0,306.0,NMB,37701.0
2019-03-07,315.0,315.0,307.0,308.0,NMB,18431.0
2019-03-10,318.0,320.0,311.0,317.0,NMB,15296.0
2019-03-11,322.0,322.0,316.0,320.0,NMB,30794.0
2019-03-12,325.0,327.0,320.0,323.0,NMB,39242.0
2019-03-13,324.0,330.0,319.0,328.0,NMB,44594.0
2019-03-14,325.0,326.0,319.0,321.0,NMB,27872.0
2019-03-17,326.0,328.0,325.0,325.0,NMB,28877.0
2019-03-18,325.0,329.0,323.0,325.0,NMB,29983.0
2019-03-19,322.0,330.0,322.0,325.0,NMB,7431.0
2019-03-21,321.0,325.0,321.0,322.0,NMB,12394.0
2019-03-24,318.0,324.0,317.0,317.0,NMB,24543.0
2019-03-25,322.0,325.0,317.0,321.0,NMB,13920.0
2019-03-26,325.0,327.0,319.0,319.0,NMB,29747.0
2019-03-27,325.0,326.0,323.0,325.0,NMB,29980.0
2019-03-28,327.0,327.0,324.0,324.0,NMB,26581.0
2019-03-31,328.0,330.0,326.0,327.0,NMB,16376.0
2019-04-01,331.0,332.0,323.0,323.0,NMB,49552.0
2019-04-02,335.0,339.0,332.0,333.0,NMB,80947.0
2019-04-03,338.0,340.0,331.0,336.0,NMB,63376.0
2019-04-04,336.0,339.0,334.0,337.0,NMB,37453.0
2019-04-07,349.0,352.0,335.0,337.0,NMB,96825.0
2019-04-08,357.0,364.0,346.0,353.0,NMB,152538.0
2019-04-09,351.0,364.0,351.0,364.0,NMB,95391.0
2019-04-10,355.0,357.0,347.0,351.0,NMB,72189.0
2019-04-11,356.0,358.0,352.0,355.0,NMB,86342.0
2019-04-15,362.0,362.0,356.0,356.0,NMB,45727.0
2019-04-16,377.0,377.0,360.0,360.0,NMB,185038.0
2019-04-17,389.0,390.0,373.0,377.0,NMB,189582.0
2019-04-18,385.0,390.0,384.0,389.0,NMB,93648.0
2019-04-21,388.0,390.0,379.0,385.0,NMB,96067.0
2019-04-22,382.0,389.0,377.0,388.0,NMB,92343.0
2019-04-23,380.0,386.0,378.0,383.0,NMB,76009.0
2019-04-24,390.0,391.0,380.0,380.0,NMB,102457.0
2019-04-25,396.0,400.0,390.0,390.0,NMB,134958.0
2019-04-28,389.0,398.0,389.0,394.0,NMB,135953.0
2019-04-29,386.0,391.0,383.0,383.0,NMB,76279.0
2019-04-30,386.0,390.0,380.0,386.0,NMB,42185.0
2019-05-02,383.0,386.0,379.0,381.0,NMB,42074.0
2019-05-05,376.0,385.0,375.0,385.0,NMB,56175.0
2019-05-06,386.0,386.0,374.0,382.0,NMB,81644.0
2019-05-07,387.0,391.0,385.0,385.0,NMB,68794.0
2019-05-08,383.0,386.0,382.0,383.0,NMB,28675.0
2019-05-09,380.0,385.0,376.0,384.0,NMB,98484.0
2019-05-12,381.0,382.0,375.0,375.0,NMB,22299.0
2019-05-13,381.0,381.0,378.0,378.0,NMB,21419.0
2019-05-14,388.0,388.0,380.0,381.0,NMB,76797.0
2019-05-15,387.0,392.0,385.0,388.0,NMB,81993.0
2019-05-16,382.0,385.0,380.0,385.0,NMB,48836.0
2019-11-07,347.0,350.0,333.0,345.0,NMB,328151.0
2019-11-10,356.0,360.0,347.0,353.0,NMB,162209.0
2019-11-11,383.0,390.0,363.0,363.0,NMB,367157.0
2019-11-12,380.0,388.0,378.0,388.0,NMB,169096.0
2019-11-13,378.0,380.0,376.0,380.0,NMB,82679.0
2019-11-14,380.0,381.0,376.0,378.0,NMB,113239.0
2019-11-17,385.0,386.0,381.0,383.0,NMB,84288.0
2019-11-18,386.0,387.0,381.6,386.0,NMB,95670.0
2019-11-19,384.0,387.0,384.0,386.0,NMB,83147.0
2019-11-20,386.0,390.0,385.0,385.0,NMB,91627.0
2019-11-21,382.0,386.0,381.0,385.0,NMB,112465.0
2019-11-24,378.0,385.0,378.0,385.0,NMB,55696.0
2019-11-25,379.0,381.0,375.0,378.0,NMB,54533.0
2019-11-26,380.0,382.0,378.0,379.0,NMB,35062.0
2019-11-27,383.0,384.0,379.0,380.0,NMB,72063.0
2019-11-28,383.0,385.0,383.0,385.0,NMB,41618.0
2019-12-01,385.0,385.0,383.0,385.0,NMB,45092.0
2019-12-02,385.0,385.0,383.0,385.0,NMB,50456.0
2019-12-03,385.0,388.0,384.0,388.0,NMB,49590.0
2019-12-04,387.0,387.0,385.0,386.0,NMB,44700.0
2019-12-05,388.0,388.0,386.0,387.0,NMB,57511.0
2019-12-08,388.0,389.0,385.0,388.0,NMB,41612.0
2019-12-09,388.0,390.0,386.0,388.0,NMB,49463.0
2019-12-10,391.0,392.0,372.0,388.0,NMB,99238.0
2019-12-11,395.0,397.0,385.0,386.0,NMB,69169.0
2019-12-12,397.0,399.0,395.0,397.0,NMB,96469.0
2019-12-15,403.0,407.0,397.0,397.0,NMB,158040.0
2019-12-16,400.0,405.0,400.0,404.0,NMB,113564.0
2019-12-17,401.0,403.0,397.0,403.0,NMB,86445.0
2019-12-18,400.0,403.0,399.0,401.0,NMB,122451.0
2019-12-19,402.0,402.0,400.0,400.0,NMB,307226.0
2019-12-22,326.0,332.0,322.0,332.0,NMB,102132.0
2019-12-23,327.0,327.0,324.0,325.0,NMB,98291.0
2019-12-24,325.0,330.0,325.0,328.0,NMB,56332.0
2019-12-25,324.0,330.0,323.0,330.0,NMB,30314.0
2019-12-26,325.0,329.0,323.0,329.0,NMB,41536.0
2019-12-29,323.0,325.0,322.0,325.0,NMB,17853.0
2019-12-30,324.0,324.0,321.0,321.0,NMB,78507.0
2019-12-31,324.0,324.0,322.0,324.0,NMB,32462.0
2020-01-01,323.0,324.0,322.0,323.0,NMB,23763.0
2020-01-02,323.0,324.0,322.0,324.0,NMB,27521.0
2020-01-05,329.0,329.0,322.0,323.0,NMB,54331.0
2020-01-06,334.0,336.0,330.0,332.0,NMB,68334.0
2020-01-07,340.0,341.0,334.0,336.0,NMB,79407.0
2020-01-08,337.0,346.0,335.0,342.0,NMB,57283.0
2020-01-09,335.0,340.0,334.0,335.0,NMB,28036.0
2020-01-12,361.0,368.0,337.0,337.0,NMB,75020.0
2020-01-13,362.0,371.0,356.0,364.0,NMB,116507.0
2020-01-14,359.0,363.0,354.0,363.0,NMB,50061.0
2020-01-15,367.0,372.0,359.0,360.0,NMB,87561.0
2020-01-16,375.0,381.0,373.0,374.0,NMB,91468.0
2020-01-19,376.0,381.0,376.0,379.0,NMB,82278.0
2020-01-20,368.0,383.0,366.0,381.0,NMB,101949.0
2020-01-21,368.0,373.0,365.0,369.0,NMB,55039.0
2020-01-22,362.0,369.0,362.0,369.0,NMB,49584.0
2020-01-23,355.0,364.0,352.0,361.0,NMB,53615.0
2020-01-26,350.0,358.0,350.0,353.0,NMB,40888.0
2020-01-27,357.0,360.0,346.0,348.0,NMB,55255.0
2020-01-28,360.0,364.0,358.0,363.0,NMB,55136.0
2020-01-29,358.0,361.0,355.0,360.0,NMB,37059.0
2020-01-30,366.0,367.0,354.0,358.0,NMB,59668.0
2020-02-02,370.0,374.0,366.0,366.0,NMB,85366.0
2020-02-03,370.0,377.0,370.0,377.0,NMB,79966.0
2020-02-04,366.0,374.0,366.0,370.0,NMB,42203.0
2020-02-05,367.0,368.0,364.0,367.0,NMB,29230.0
2020-02-06,366.0,369.0,365.0,366.0,NMB,26157.0
2020-02-09,368.0,373.0,365.0,373.0,NMB,63312.0
2020-02-10,372.0,373.0,369.0,370.0,NMB,51686.0
2020-02-11,380.0,380.0,372.0,376.0,NMB,92952.0
2020-02-12,384.0,388.0,380.0,380.0,NMB,113683.0
2020-02-13,380.0,386.0,380.0,386.0,NMB,72585.0
2020-02-16,380.0,383.0,377.0,383.0,NMB,46674.0
2020-02-17,399.0,400.0,384.0,384.0,NMB,192370.0
2020-02-18,410.0,415.0,403.0,403.0,NMB,234055.0
2020-02-19,409.0,417.0,407.0,412.0,NMB,61581.0
2020-02-20,413.0,415.0,408.0,411.0,NMB,76737.0
2020-02-23,454.0,454.0,413.0,413.0,NMB,284029.0
2020-02-24,474.0,499.0,465.0,466.0,NMB,424714.0
2020-02-25,477.0,487.0,462.0,471.0,NMB,196613.0
2020-02-26,484.0,495.0,480.0,482.0,NMB,148457.0
2020-02-27,498.0,504.0,466.0,484.0,NMB,318594.0
2020-03-01,498.0,517.0,490.0,505.0,NMB,529912.0
2020-03-02,463.0,501.0,463.0,499.0,NMB,184765.0
2020-03-03,479.0,494.0,445.0,454.0,NMB,531054.0
2020-03-04,460.0,481.0,460.0,479.0,NMB,297065.0
2020-03-05,460.0,470.0,451.0,453.0,NMB,275113.0
2020-03-10,423.0,454.0,419.0,451.0,NMB,154625.0
2020-03-11,448.0,451.0,420.0,430.0,NMB,276505.0
2020-03-12,437.0,455.0,432.0,449.0,NMB,213976.0
2020-03-15,414.0,431.0,409.0,430.0,NMB,252241.0
2020-03-16,408.0,420.0,400.0,414.0,NMB,235808.0
2020-03-17,388.0,409.0,383.0,408.0,NMB,235439.0
2020-03-18,385.0,397.0,373.0,394.0,NMB,155135.0
2020-03-19,386.0,398.0,366.0,378.0,NMB,186484.0
2020-03-22,377.0,393.0,375.0,384.0,NMB,51747.0
2020-05-12,366.0,370.0,366.0,370.0,NMB,160.0
2020-05-13,356.0,359.0,356.0,359.0,NMB,110.0
2020-06-29,345.0,349.0,321.0,349.0,NMB,68746.0
2020-06-30,365.0,372.0,340.0,340.0,NMB,17394.0
2020-07-01,399.0,401.0,372.0,372.0,NMB,44805.0
2020-07-02,365.0,426.0,365.0,406.0,NMB,51529.0
2020-07-05,369.0,378.0,355.0,365.0,NMB,111039.0
2020-07-06,381.0,381.0,366.0,372.0,NMB,69440.0
2020-07-07,392.0,399.0,384.0,385.0,NMB,129940.0
2020-07-08,389.0,398.0,380.0,397.0,NMB,115813.0
2020-07-09,385.0,389.0,380.0,388.0,NMB,72260.0
2020-07-12,383.0,395.0,380.0,387.0,NMB,65612.0
2020-07-13,382.0,390.0,380.0,383.0,NMB,94276.0
2020-07-14,387.0,389.0,379.0,385.0,NMB,179009.0
2020-07-15,397.0,401.0,389.0,394.0,NMB,217337.0
2020-07-16,413.0,415.0,404.0,404.0,NMB,201806.0
2020-07-19,454.0,454.0,433.0,433.0,NMB,6361.0
2020-07-20,443.0,499.0,430.0,470.0,NMB,441191.0
2020-07-21,437.0,451.0,432.0,446.0,NMB,316083.0
2020-07-22,429.0,447.0,426.0,445.0,NMB,187887.0
2020-07-23,431.0,435.0,423.0,431.0,NMB,147191.0
2020-07-26,439.0,445.0,427.0,431.0,NMB,152742.0
2020-07-27,438.0,449.0,435.0,442.0,NMB,132399.0
2020-07-28,437.0,444.0,433.0,444.0,NMB,146800.0
2020-07-29,430.0,435.0,428.0,435.0,NMB,131183.0
2020-07-30,430.0,434.0,422.0,428.0,NMB,107799.0
2020-08-02,415.0,432.0,413.0,425.0,NMB,200556.0
2020-08-03,419.0,425.0,407.0,410.0,NMB,109441.0
2020-08-05,410.0,420.0,407.0,419.0,NMB,175316.0
2020-08-06,409.0,412.0,400.0,410.0,NMB,88592.0
2020-08-09,411.0,412.0,400.0,406.0,NMB,78628.0
2020-08-10,429.0,432.0,411.0,412.0,NMB,184024.0
2020-08-11,427.0,437.0,422.0,433.0,NMB,106033.0
2020-08-12,428.0,432.0,423.0,432.0,NMB,42064.0
2020-08-13,417.0,427.0,417.0,424.0,NMB,97693.0
2020-08-16,410.0,415.0,402.0,405.0,NMB,151362.0
2020-08-17,411.0,414.0,408.0,412.0,NMB,92115.0
2020-08-18,413.0,418.0,410.0,415.0,NMB,56122.0
2020-08-19,409.0,413.0,403.0,410.0,NMB,64888.0
2020-08-20,410.0,414.0,405.0,408.0,NMB,30416.0
2020-08-23,413.0,413.0,409.0,410.0,NMB,45095.0
2020-08-24,421.0,423.0,415.0,416.0,NMB,129693.0
2020-08-25,421.0,437.0,419.0,437.0,NMB,89663.0
2020-08-26,433.0,442.0,420.0,442.0,NMB,185649.0
2020-08-27,426.0,440.0,426.0,440.0,NMB,161170.0
2020-08-30,424.0,428.0,420.0,425.0,NMB,65622.0
2020-08-31,428.0,433.0,424.0,424.0,NMB,230120.0
2020-09-02,435.0,437.0,429.0,434.0,NMB,186415.0
2020-09-03,432.0,437.0,428.0,435.0,NMB,102243.0
2020-09-06,427.0,450.0,425.0,450.0,NMB,142996.0
2020-09-07,419.0,429.0,419.0,429.0,NMB,93941.0
2020-09-08,420.0,423.0,415.0,421.0,NMB,100359.0
2020-09-09,420.0,421.0,412.0,412.0,NMB,121594.0
2020-09-10,421.0,426.0,416.0,417.0,NMB,77534.0
2020-09-13,422.0,423.0,417.0,422.0,NMB,81927.0
2020-09-14,424.0,431.0,422.0,424.0,NMB,158797.0
2020-09-15,421.0,429.0,419.0,428.0,NMB,89839.0
2020-09-16,419.0,427.0,412.0,427.0,NMB,44561.0
2020-09-17,425.0,437.0,419.0,437.0,NMB,177572.0
2020-09-20,426.0,432.0,424.0,430.0,NMB,102521.0
2020-09-21,422.0,427.0,419.0,426.0,NMB,112661.0
2020-09-22,416.0,422.0,412.0,420.0,NMB,178294.0
2020-09-23,417.0,418.0,413.0,416.0,NMB,74417.0
2020-09-24,417.0,417.0,414.0,415.0,NMB,83439.0
2020-09-27,419.0,421.0,413.0,418.0,NMB,120737.0
2020-09-28,415.0,420.0,414.0,419.0,NMB,59279.0
2020-09-29,414.0,418.0,413.0,418.0,NMB,41491.0
2020-09-30,415.0,415.0,412.0,414.0,NMB,116461.0
2020-10-01,416.0,435.0,412.0,435.0,NMB,89254.0
2020-10-04,417.0,430.0,417.0,430.0,NMB,86015.0
2020-10-05,415.0,424.0,413.0,417.0,NMB,140499.0
2020-10-06,415.0,435.0,411.0,435.0,NMB,162936.0
2020-10-07,417.0,417.0,412.0,416.0,NMB,110503.0
2020-10-08,414.0,420.0,413.0,415.0,NMB,93780.0
2020-10-11,411.0,415.0,410.0,412.0,NMB,128177.0
2020-10-12,412.0,417.0,408.0,417.0,NMB,81820.0
2020-10-13,409.0,412.0,408.0,411.0,NMB,90290.0
2020-10-14,410.0,412.0,408.0,412.0,NMB,56646.0
2020-10-15,408.0,417.0,408.0,414.0,NMB,37831.0
2020-10-18,408.0,410.0,405.0,410.0,NMB,43817.0
2020-10-19,408.0,409.0,405.0,406.0,NMB,41725.0
2020-10-20,410.0,411.0,408.0,408.0,NMB,40447.0
2020-10-21,418.0,423.0,414.0,415.0,NMB,98551.0
2020-10-22,421.0,424.0,419.0,421.0,NMB,116378.0
2020-10-28,432.0,432.0,424.0,430.0,NMB,179025.0
2020-10-29,433.0,440.0,431.0,440.0,NMB,284334.0
2020-11-01,426.0,441.0,425.0,441.0,NMB,110211.0
2020-11-02,423.0,426.0,420.0,426.0,NMB,129530.0
2020-11-03,422.0,424.0,420.0,424.0,NMB,82561.0
2020-11-04,421.0,430.0,419.0,430.0,NMB,54797.0
2020-11-05,421.0,424.0,420.0,421.0,NMB,59701.0
2020-11-08,419.0,424.0,418.0,420.0,NMB,86825.0
2020-11-09,415.0,422.0,399.0,399.0,NMB,125672.0
2020-11-10,417.0,420.0,412.0,413.0,NMB,175699.0
2020-11-11,426.0,431.0,419.0,419.0,NMB,188385.0
2020-11-12,428.0,434.0,427.0,430.0,NMB,248456.0
2020-11-18,427.0,436.0,425.0,436.0,NMB,124249.0
2020-11-19,430.0,432.0,426.0,427.0,NMB,167844.0
2020-11-22,436.0,451.0,426.0,451.0,NMB,266471.0
2020-11-23,432.0,438.0,429.0,437.0,NMB,119303.0
2020-11-24,430.0,437.0,430.0,437.0,NMB,163542.0
2020-11-25,438.0,445.0,434.0,445.0,NMB,231704.0
2020-11-26,444.0,450.0,439.0,445.0,NMB,311506.0
2020-11-29,479.0,484.0,448.0,450.0,NMB,460172.0
2020-11-30,464.0,505.0,459.0,488.0,NMB,472431.0
2020-12-01,456.0,470.0,450.0,464.0,NMB,237708.0
2020-12-02,461.0,471.0,448.0,459.0,NMB,197191.0
2020-12-03,467.0,485.0,460.0,470.0,NMB,256063.0
2020-12-06,445.0,474.0,442.0,467.0,NMB,207676.0
2020-12-07,450.0,459.0,426.0,426.0,NMB,185378.0
2020-12-08,451.0,464.0,447.0,459.0,NMB,140780.0
2020-12-09,443.0,473.0,442.0,473.0,NMB,117324.0
2020-12-10,442.0,465.0,438.0,465.0,NMB,107388.0
2020-12-13,454.0,464.0,445.0,464.0,NMB,246575.0
2020-12-14,456.0,469.0,453.0,454.0,NMB,115113.0
2020-12-15,454.0,462.0,452.0,460.0,NMB,115112.0
2020-12-16,457.0,462.0,449.0,452.0,NMB,141784.0
2020-12-17,452.0,479.0,450.0,479.0,NMB,145867.0
2020-12-20,435.0,452.0,433.0,452.0,NMB,271243.0
2020-12-21,433.0,442.0,411.0,427.0,NMB,255964.0
2020-12-22,436.0,441.0,427.0,440.0,NMB,282250.0
2020-12-23,433.0,450.0,431.0,442.0,NMB,167601.0
2020-12-24,428.0,439.0,427.0,439.0,NMB,110812.0
2020-12-27,426.0,433.0,424.0,432.0,NMB,172515.0
2020-12-28,423.0,429.0,420.0,429.0,NMB,70074.0
2020-12-29,422.0,429.0,421.0,428.0,NMB,127605.0
2020-12-30,427.0,430.0,420.0,428.0,NMB,213444.0
2020-12-31,388.0,391.0,379.0,390.0,NMB,218544.0
2021-01-03,407.0,412.0,392.0,392.0,NMB,330742.0
2021-01-04,411.0,422.0,406.0,415.0,NMB,243148.0
2021-01-05,409.0,416.0,401.0,408.0,NMB,181295.0
2021-01-06,409.0,417.0,407.0,413.0,NMB,162719.0
2021-01-07,408.0,416.0,408.0,411.0,NMB,226348.0
2021-01-10,423.0,424.0,412.0,412.0,NMB,318095.0
2021-01-11,437.0,450.0,423.0,423.0,NMB,427211.0
2021-01-12,437.0,445.0,431.0,444.0,NMB,180534.0
2021-01-13,444.0,446.0,439.0,443.0,NMB,284054.0
2021-01-17,446.0,451.0,440.0,440.0,NMB,271617.0
2021-01-18,439.0,449.0,438.0,448.0,NMB,197747.0
2021-01-19,436.0,445.0,433.0,441.0,NMB,169492.0
2021-01-20,437.0,457.0,431.0,457.0,NMB,186008.0
2021-01-21,435.0,443.0,434.0,437.0,NMB,193265.0
2021-01-24,433.0,442.0,430.0,437.0,NMB,260333.0
2021-01-25,431.0,454.0,427.0,454.0,NMB,248911.0
2021-01-26,426.0,435.0,423.0,433.0,NMB,227451.0
2021-01-27,425.0,430.0,423.0,430.0,NMB,155397.0
2021-01-28,425.0,438.0,423.0,430.0,NMB,265321.0
2021-01-31,421.0,432.0,419.0,425.0,NMB,197295.0
2021-02-01,426.0,434.0,417.0,429.0,NMB,106287.0
2021-02-02,434.0,436.0,427.0,430.0,NMB,191450.0
2021-02-03,432.0,445.0,430.0,438.0,NMB,228356.0
2021-02-04,428.0,438.0,411.0,411.0,NMB,143800.0
2021-02-07,427.0,440.0,407.0,407.0,NMB,173363.0
2021-02-08,442.0,445.0,406.0,406.0,NMB,367537.0
2021-02-09,440.0,453.0,439.0,450.0,NMB,264381.0
2021-02-10,443.0,447.0,435.0,442.0,NMB,282311.0
2021-02-11,441.0,449.0,440.0,440.0,NMB,239598.0
2021-02-14,440.0,450.0,425.0,425.0,NMB,195794.0
2021-02-15,450.0,452.0,443.0,445.0,NMB,260034.0
2021-02-16,469.0,481.0,450.0,450.0,NMB,527060.0
2021-02-17,474.0,484.0,471.0,475.0,NMB,319668.0
2021-02-18,474.0,485.0,473.0,485.0,NMB,258073.0
2021-02-21,473.0,480.0,466.0,480.0,NMB,271841.0
2021-02-22,457.0,474.0,455.0,473.0,NMB,260937.0
2021-02-23,450.0,479.0,441.0,479.0,NMB,283469.0
2021-02-24,456.0,469.0,450.0,455.0,NMB,204434.0
2021-02-25,446.0,475.0,444.0,475.0,NMB,167029.0
2021-02-28,430.0,444.0,428.0,440.0,NMB,243519.0
2021-03-01,435.0,450.0,422.0,450.0,NMB,162226.0
2021-03-02,423.0,440.0,421.0,437.0,NMB,188354.0
2021-03-03,421.0,426.0,416.0,425.0,NMB,157553.0
2021-03-04,429.0,432.0,420.0,422.0,NMB,120249.0
2021-03-07,426.0,436.0,424.0,436.0,NMB,104756.0
2021-03-09,425.0,427.0,422.0,425.0,NMB,90773.0
2021-03-10,421.0,425.0,419.0,425.0,NMB,102913.0
2021-03-14,412.0,426.0,410.0,426.0,NMB,192454.0
2021-03-15,410.0,418.0,400.0,400.0,NMB,117920.0
2021-03-16,409.0,414.0,406.0,410.0,NMB,144694.0
2021-03-17,412.0,415.0,408.0,414.0,NMB,77720.0
2021-03-18,415.0,420.0,413.0,416.0,NMB,103683.0
2021-03-21,428.0,428.0,416.0,416.0,NMB,211184.0
2021-03-22,423.0,430.0,422.0,430.0,NMB,126669.0
2021-03-23,422.0,424.0,417.0,420.0,NMB,91811.0
2021-03-24,427.0,430.0,420.0,430.0,NMB,128160.0
2021-03-25,421.0,430.0,420.0,430.0,NMB,104590.0
2021-03-29,422.0,428.0,417.0,421.0,NMB,108675.0
2021-03-30,421.0,425.0,419.0,423.0,NMB,89740.0
2021-03-31,428.0,431.0,420.0,421.0,NMB,150069.0
2021-04-01,426.0,432.0,425.0,432.0,NMB,109706.0
2021-04-04,427.0,435.0,405.0,405.0,NMB,124196.0
2021-04-05,425.0,432.0,423.0,430.0,NMB,96013.0
2021-04-06,424.0,427.0,421.0,425.0,NMB,81414.0
2021-04-07,425.0,445.0,422.0,445.0,NMB,136765.0
2021-04-08,424.0,430.0,423.0,426.0,NMB,112006.0
2021-04-12,431.0,433.0,421.0,421.0,NMB,167216.0
2021-04-13,437.0,439.0,428.0,432.0,NMB,164812.0
2021-04-15,440.0,447.0,437.0,441.0,NMB,238956.0
2021-04-18,432.0,445.0,431.0,444.0,NMB,171867.0
2021-04-19,424.0,432.0,423.0,432.0,NMB,138455.0
2021-04-20,426.0,431.0,422.0,431.0,NMB,118952.0
2021-04-21,421.0,430.0,420.0,428.0,NMB,101360.0
2021-04-22,421.0,442.0,417.0,442.0,NMB,102241.0
2021-04-25,413.0,425.0,411.0,421.0,NMB,207673.0
2021-04-26,403.0,414.0,402.0,410.0,NMB,164932.0
2021-04-27,411.0,423.0,402.0,423.0,NMB,133908.0
2021-04-28,412.0,425.0,410.0,425.0,NMB,117707.0
2021-04-29,414.0,418.0,412.0,414.0,NMB,69138.0
2021-05-02,421.0,423.0,395.0,395.0,NMB,122228.0
2021-05-03,417.0,442.0,415.0,442.0,NMB,92854.0
2021-05-04,416.0,421.0,413.0,421.0,NMB,63482.0
2021-05-05,414.0,436.0,411.0,436.0,NMB,61603.0
2021-05-06,412.0,417.0,410.0,415.0,NMB,102514.0
2021-05-09,413.0,417.0,410.0,413.0,NMB,125202.0
2021-05-10,414.0,416.0,410.0,413.0,NMB,56168.0
2021-05-11,418.0,419.0,416.0,417.0,NMB,63188.0
2021-05-12,416.0,420.0,415.0,420.0,NMB,59730.0
2021-05-13,415.0,420.0,415.0,420.0,NMB,89463.0
2021-05-16,423.0,424.0,416.0,420.0,NMB,167954.0
2021-05-17,425.0,430.0,421.0,430.0,NMB,150610.0
2021-05-18,425.0,430.0,423.0,430.0,NMB,151670.0
2021-05-19,427.0,433.0,425.0,429.0,NMB,211175.0
2021-05-20,429.0,434.0,428.0,430.0,NMB,100987.0
2021-05-23,436.0,436.0,417.0,429.0,NMB,208985.0
2021-05-24,437.0,451.0,433.0,438.0,NMB,342503.0
2021-05-25,431.0,440.0,431.0,440.0,NMB,144849.0
2021-05-27,430.0,434.0,422.0,426.0,NMB,166463.0
2021-05-30,438.0,441.0,430.0,430.0,NMB,242012.0
2021-05-31,434.0,444.0,433.0,441.0,NMB,195829.0
2021-06-01,430.0,437.0,428.0,436.0,NMB,145225.0
2021-06-02,432.0,433.0,429.0,433.0,NMB,129625.0
2021-06-03,442.0,449.0,431.0,435.0,NMB,457880.0
2021-06-06,461.0,472.0,450.0,450.0,NMB,640308.0
2021-06-07,452.0,470.0,447.0,461.0,NMB,476187.0
2021-06-08,456.0,460.0,448.0,460.0,NMB,285798.0
2021-06-09,452.0,465.0,450.0,465.0,NMB,213775.0
2021-06-10,447.0,455.0,446.0,455.0,NMB,224442.0
2021-06-13,448.0,452.0,444.0,450.0,NMB,278933.0
2021-06-14,458.0,469.0,450.0,452.0,NMB,441744.0
2021-06-15,458.0,468.0,457.0,464.0,NMB,274450.0
2021-06-16,456.0,466.0,450.0,450.0,NMB,204408.0
2021-06-17,451.0,460.0,451.0,457.0,NMB,176663.0
2021-06-20,441.0,455.0,438.0,455.0,NMB,241771.0
2021-06-21,434.0,451.0,434.0,445.0,NMB,226120.0
2021-06-22,445.0,445.0,432.0,434.0,NMB,152975.0
2021-06-23,437.0,450.0,436.0,445.0,NMB,128900.0
2021-06-24,436.0,445.0,416.0,416.0,NMB,138120.0
2021-06-27,443.0,446.0,435.0,437.0,NMB,168912.0
2021-06-28,445.0,451.0,443.0,450.0,NMB,140799.0
2021-06-29,440.0,447.0,423.0,423.0,NMB,90235.0
2021-06-30,441.0,441.0,435.0,440.0,NMB,85430.0
2021-07-01,439.0,447.0,438.0,441.0,NMB,79717.0
2021-07-04,437.0,444.0,436.0,444.0,NMB,64672.0
2021-07-05,436.0,440.0,432.0,437.0,NMB,72802.0
2021-07-06,436.0,437.0,433.0,434.0,NMB,55218.0
2021-07-07,435.0,440.0,435.0,440.0,NMB,65430.0
2021-07-08,436.0,442.0,434.0,435.0,NMB,117018.0
2021-07-11,445.0,445.0,436.0,444.0,NMB,165440.0
2021-07-12,441.0,451.0,439.0,448.0,NMB,141553.0
2021-07-13,443.0,450.0,436.0,450.0,NMB,71742.0
2021-07-14,442.0,445.0,440.0,445.0,NMB,66406.0
2021-07-15,440.0,444.0,435.0,442.0,NMB,147573.0
2021-07-18,463.0,469.0,444.0,446.0,NMB,356221.0
2021-07-19,479.0,490.0,468.0,472.0,NMB,575062.0
2021-07-20,480.0,488.0,473.0,488.0,NMB,219942.0
2021-07-22,492.0,495.0,478.0,482.0,NMB,397006.0
2021-07-25,510.8,513.0,498.0,498.0,NMB,499345.0
2021-07-26,499.0,517.0,495.9,517.0,NMB,388580.0
2021-07-27,495.5,497.0,472.0,490.0,NMB,372228.0
2021-07-28,490.0,503.0,487.3,496.0,NMB,164021.0
2021-07-29,485.5,493.0,485.5,490.0,NMB,131486.0
2021-08-01,487.8,494.7,485.0,485.0,NMB,116366.0
2021-08-02,484.0,490.0,484.0,487.8,NMB,112338.0
2021-08-03,481.0,488.0,477.3,488.0,NMB,175589.0
2021-08-04,481.9,487.9,480.0,483.0,NMB,108354.0
2021-08-05,481.0,485.0,479.0,485.0,NMB,133529.0
2021-08-08,481.0,485.0,480.0,485.0,NMB,134664.0
2021-08-09,477.5,484.0,477.0,484.0,NMB,124556.0
2021-08-10,488.0,495.1,475.0,475.0,NMB,228883.0
2021-08-11,484.1,500.0,482.0,495.0,NMB,197219.0
2021-08-12,485.1,490.0,481.0,481.0,NMB,181474.0
2021-08-15,483.5,494.0,480.0,494.0,NMB,309794.0
2021-08-16,479.0,490.0,478.0,490.0,NMB,159892.0
2021-08-17,473.0,482.0,470.0,482.0,NMB,170349.0
2021-08-18,474.9,482.0,465.0,475.0,NMB,176978.0
2021-08-19,468.0,480.0,468.0,475.0,NMB,170403.0
2021-08-24,462.0,475.0,460.2,470.0,NMB,111029.0
2021-08-25,456.0,463.0,455.0,463.0,NMB,111112.0
2021-08-26,453.0,461.0,448.4,458.0,NMB,187783.0
2021-08-29,449.0,460.0,446.0,455.0,NMB,195353.0
2021-08-31,444.0,449.0,440.0,449.0,NMB,143720.0
2021-09-01,446.5,452.0,439.1,448.0,NMB,112030.0
2021-09-02,441.0,451.0,439.0,449.9,NMB,130405.0
2021-09-05,428.0,441.0,422.1,441.0,NMB,172437.0
2021-09-06,448.0,448.0,425.0,428.0,NMB,121636.0
2021-09-07,440.0,452.0,438.0,452.0,NMB,77053.0
2021-09-08,430.9,441.0,425.0,440.0,NMB,132390.0
2021-09-09,432.0,439.0,427.0,438.1,NMB,84672.0
2021-09-12,432.0,441.0,428.0,440.0,NMB,102331.0
2021-09-13,438.0,440.0,432.0,432.0,NMB,77215.0
2021-09-14,433.5,445.0,432.9,440.0,NMB,78115.0
2021-09-15,430.0,433.0,428.0,433.0,NMB,62318.0
2021-09-16,421.3,430.0,420.1,430.0,NMB,142013.0
2021-09-20,410.3,428.0,410.0,425.0,NMB,141745.0
2021-09-21,411.0,428.0,395.0,408.0,NMB,111562.0
2021-09-22,424.0,425.0,417.0,419.0,NMB,78257.0
2021-09-23,434.2,449.0,432.0,432.4,NMB,187872.0
2021-09-26,432.0,450.0,430.0,442.0,NMB,117308.0
2021-09-27,418.0,432.0,416.1,432.0,NMB,90612.0
2021-09-28,409.0,420.0,407.0,419.0,NMB,88646.0
2021-09-29,416.0,418.0,400.0,415.0,NMB,88535.0
2021-09-30,409.0,418.0,409.0,416.0,NMB,57577.0
2021-10-03,402.0,415.0,399.0,415.0,NMB,77945.0
2021-10-04,400.0,408.9,395.0,405.0,NMB,81606.0
2021-10-05,405.0,410.0,402.6,407.0,NMB,37896.0
2021-10-06,409.0,412.0,405.0,412.0,NMB,71209.0
2021-10-10,409.9,419.4,409.0,410.0,NMB,53200.0
2021-10-11,410.0,410.0,401.0,410.0,NMB,45430.0
2021-10-17,410.0,412.0,403.0,410.0,NMB,25763.0
2021-10-18,401.0,408.0,399.0,406.1,NMB,53068.0
2021-10-19,390.0,405.0,388.0,405.0,NMB,82549.0
2021-10-20,397.0,405.0,395.0,397.0,NMB,46384.0
2021-10-21,390.0,400.0,390.0,400.0,NMB,56513.0
2021-10-22,397.0,405.0,395.0,397.0,NMB,46384.0
2021-10-23,397.0,405.0,395.0,397.0,NMB,46384.0
2021-10-24,394.5,395.0,385.1,385.1,NMB,40832.0
2021-10-25,404.0,404.0,399.0,400.0,NMB,51482.0
2021-10-26,416.8,416.9,408.0,408.5,NMB,68914.0
2021-10-27,415.0,420.0,411.0,412.0,NMB,76003.0
2021-10-28,413.0,415.0,411.0,414.0,NMB,37540.0
2021-10-29,397.0,405.0,395.0,397.0,NMB,46384.0
2021-10-30,397.0,405.0,395.0,397.0,NMB,46384.0
2021-10-31,414.0,427.0,413.6,421.0,NMB,176901.0
2021-11-01,414.8,422.2,411.6,422.2,NMB,133800.0
2021-11-02,415.0,418.0,414.7,415.0,NMB,60246.0
2021-11-03,416.1,418.0,413.0,417.0,NMB,78596.0
2021-11-04,397.0,405.0,395.0,397.0,NMB,46384.0
2021-11-05,397.0,405.0,395.0,397.0,NMB,46384.0
2021-11-06,397.0,405.0,395.0,397.0,NMB,46384.0
2021-11-07,397.0,405.0,395.0,397.0,NMB,46384.0
2021-11-08,414.0,424.4,412.5,420.0,NMB,46299.0
2021-11-09,404.1,414.0,404.0,413.0,NMB,77287.0
2021-11-10,397.0,405.0,395.0,397.0,NMB,46384.0
2021-11-11,399.0,405.0,393.0,405.0,NMB,58943.0
2021-11-12,397.0,405.0,395.0,397.0,NMB,46384.0
2021-11-13,397.0,405.0,395.0,397.0,NMB,46384.0
2021-11-14,394.5,399.0,392.0,398.0,NMB,46955.0
2021-11-15,394.8,400.0,394.0,395.0,NMB,51694.0
2021-11-16,399.0,399.0,395.0,398.8,NMB,68996.0
2021-11-17,398.5,405.0,396.0,404.9,NMB,47947.0
2021-11-18,394.0,400.0,393.8,399.0,NMB,49610.0
2021-11-19,397.0,405.0,395.0,397.0,NMB,46384.0
2021-11-20,397.0,405.0,395.0,397.0,NMB,46384.0
2021-11-21,393.0,397.0,393.0,394.0,NMB,24380.0
2021-11-22,391.5,397.0,390.0,395.0,NMB,38405.0
2021-11-23,389.7,394.0,388.7,394.0,NMB,40645.0
2021-11-24,387.0,395.0,383.1,394.9,NMB,38419.0
2021-11-25,388.0,392.0,386.0,386.0,NMB,49647.0
2021-11-26,397.0,405.0,395.0,397.0,NMB,46384.0
2021-11-27,397.0,405.0,395.0,397.0,NMB,46384.0
2021-11-28,379.0,388.0,377.4,388.0,NMB,78205.0
2021-11-29,374.0,383.0,373.4,379.0,NMB,71430.0
2021-11-30,376.0,381.0,370.1,374.1,NMB,106155.0
2021-12-01,374.0,379.0,374.0,376.0,NMB,65797.0
2021-12-02,377.4,383.0,375.0,381.4,NMB,87242.0
2021-12-03,397.0,405.0,395.0,397.0,NMB,46384.0
2021-12-04,397.0,405.0,395.0,397.0,NMB,46384.0
2021-12-05,369.0,383.8,365.1,378.0,NMB,94079.0
2021-12-06,370.0,373.0,357.0,370.0,NMB,98163.0
2021-12-07,372.0,377.9,370.0,370.0,NMB,59150.0
2021-12-08,365.5,373.9,365.0,371.0,NMB,51458.0
2021-12-09,367.0,368.0,362.2,363.0,NMB,39811.0
2021-12-10,397.0,405.0,395.0,397.0,NMB,46384.0
2021-12-11,397.0,405.0,395.0,397.0,NMB,46384.0
2021-12-12,362.0,370.0,360.0,370.0,NMB,48455.0
2021-12-13,352.0,363.0,346.5,361.0,NMB,109886.0
2021-12-14,369.7,370.7,356.0,359.0,NMB,48816.0
2021-12-15,369.0,377.0,365.0,370.9,NMB,81540.0
2021-12-16,367.8,369.0,362.0,369.0,NMB,45412.0
2021-12-17,397.0,405.0,395.0,397.0,NMB,46384.0
2021-12-18,397.0,405.0,395.0,397.0,NMB,46384.0
2021-12-19,397.0,405.0,395.0,397.0,NMB,46384.0
2021-12-20,368.0,375.1,364.5,375.1,NMB,103629.0
2021-12-21,378.4,380.0,371.0,373.0,NMB,172280.0
2021-12-22,340.0,343.0,330.0,333.0,NMB,76814.0
2021-12-23,337.1,342.0,335.0,340.0,NMB,39561.0
2021-12-24,397.0,405.0,395.0,397.0,NMB,46384.0
2021-12-25,397.0,405.0,395.0,397.0,NMB,46384.0
2021-12-26,337.0,341.0,335.0,341.0,NMB,89358.0
2021-12-27,332.0,340.9,331.0,340.0,NMB,62944.0
2021-12-28,328.0,332.0,326.0,332.0,NMB,50081.0
2021-12-29,329.0,334.0,326.5,334.0,NMB,49340.0
2021-12-30,397.0,405.0,395.0,397.0,NMB,46384.0
2021-12-31,397.0,405.0,395.0,397.0,NMB,46384.0
2022-01-01,397.0,405.0,395.0,397.0,NMB,46384.0
2022-01-02,329.5,332.0,326.0,330.0,NMB,55759.0
2022-01-03,335.0,338.0,329.0,335.0,NMB,61935.0
2022-01-04,358.0,359.0,330.1,330.1,NMB,122527.0
2022-01-05,349.0,363.0,348.1,360.0,NMB,61584.0
2022-01-06,352.0,354.0,345.5,349.0,NMB,71121.0
2022-01-07,397.0,405.0,395.0,397.0,NMB,46384.0
2022-01-08,397.0,405.0,395.0,397.0,NMB,46384.0
2022-01-09,364.0,365.0,354.0,355.5,NMB,138572.0
2022-01-10,358.5,371.2,358.0,371.2,NMB,89810.0
2022-01-11,359.0,362.0,355.0,362.0,NMB,81984.0
2022-01-12,353.1,361.0,353.0,359.0,NMB,80396.0
2022-01-13,353.4,357.0,352.0,352.0,NMB,57431.0
2022-01-14,397.0,405.0,395.0,397.0,NMB,46384.0
2022-01-15,397.0,405.0,395.0,397.0,NMB,46384.0
2022-01-16,362.0,367.0,356.5,360.0,NMB,98299.0
2022-01-17,365.1,370.0,361.0,369.0,NMB,61957.0
2022-01-18,377.9,387.6,363.0,367.0,NMB,134459.0
2022-01-19,370.0,378.0,367.4,373.5,NMB,82644.0
2022-01-20,369.0,372.0,366.5,367.0,NMB,39556.0
2022-01-21,397.0,405.0,395.0,397.0,NMB,46384.0
2022-01-22,397.0,405.0,395.0,397.0,NMB,46384.0
2022-01-23,362.0,371.0,359.0,371.0,NMB,72095.0
2022-01-24,349.0,361.0,347.0,360.0,NMB,76337.0
2022-01-25,350.0,355.9,345.0,355.9,NMB,54720.0
2022-01-26,343.1,349.0,342.0,345.0,NMB,44525.0
2022-01-27,340.1,349.0,339.0,345.0,NMB,37922.0
2022-01-28,397.0,405.0,395.0,397.0,NMB,46384.0
2022-01-29,397.0,405.0,395.0,397.0,NMB,46384.0
2022-01-30,352.0,360.0,346.9,346.9,NMB,45647.0
2022-01-31,347.0,355.0,346.5,352.0,NMB,28505.0
2022-02-01,347.5,349.0,343.0,347.0,NMB,46912.0
2022-02-02,397.0,405.0,395.0,397.0,NMB,46384.0
2022-02-03,347.0,354.0,345.0,353.0,NMB,55570.0
2022-02-04,397.0,405.0,395.0,397.0,NMB,46384.0
2022-02-05,397.0,405.0,395.0,397.0,NMB,46384.0
2022-02-06,342.0,350.0,340.0,345.0,NMB,52586.0
2022-02-07,340.7,344.0,338.3,341.0,NMB,50996.0
2022-02-08,340.0,355.5,339.0,347.0,NMB,62268.0
2022-02-09,338.0,342.0,337.0,340.0,NMB,36942.0
2022-02-10,335.0,339.0,334.5,339.0,NMB,46342.0
2022-02-11,397.0,405.0,395.0,397.0,NMB,46384.0
2022-02-12,397.0,405.0,395.0,397.0,NMB,46384.0
2022-02-13,324.4,334.0,324.0,330.0,NMB,98866.0
2022-02-14,324.0,330.9,321.0,328.0,NMB,90724.0
2022-02-15,327.0,328.0,322.5,325.1,NMB,62430.0
2022-02-16,326.0,328.5,325.0,327.0,NMB,39665.0
2022-02-17,326.5,330.0,326.0,327.0,NMB,19827.0
2022-02-18,397.0,405.0,395.0,397.0,NMB,46384.0
2022-02-19,397.0,405.0,395.0,397.0,NMB,46384.0
2022-02-20,322.8,326.0,319.0,324.0,NMB,40760.0
2022-02-21,325.0,326.0,320.0,323.0,NMB,43544.0
2022-02-22,325.2,330.0,322.5,325.0,NMB,34205.0
2022-02-23,324.0,327.0,323.0,327.0,NMB,32142.0
2022-02-24,317.1,322.1,316.0,322.0,NMB,75064.0
2022-02-25,397.0,405.0,395.0,397.0,NMB,46384.0
2022-02-26,397.0,405.0,395.0,397.0,NMB,46384.0
2022-02-27,314.5,320.0,314.0,320.0,NMB,34905.0
2022-02-28,313.8,324.0,313.0,320.7,NMB,41040.0
2022-03-01,397.0,405.0,395.0,397.0,NMB,46384.0
2022-03-02,309.1,315.0,308.0,310.0,NMB,52893.0
2022-03-03,397.0,405.0,395.0,397.0,NMB,46384.0
2022-03-04,397.0,405.0,395.0,397.0,NMB,46384.0
2022-03-05,397.0,405.0,395.0,397.0,NMB,46384.0
2022-03-06,309.1,315.0,308.7,312.0,NMB,44259.0
2022-03-07,309.0,315.0,309.0,309.0,NMB,22309.0
2022-03-08,397.0,405.0,395.0,397.0,NMB,46384.0
2022-03-09,307.0,313.7,305.0,312.0,NMB,48000.0
2022-03-10,310.9,311.0,305.0,307.0,NMB,19182.0
2022-03-11,397.0,405.0,395.0,397.0,NMB,46384.0
2022-03-12,397.0,405.0,395.0,397.0,NMB,46384.0
2022-03-13,322.8,325.0,310.0,317.0,NMB,42573.0
2022-03-14,316.5,326.9,316.5,323.0,NMB,20253.0
2022-03-15,317.9,320.0,315.3,317.0,NMB,28534.0
2022-03-16,316.0,318.7,315.1,318.1,NMB,20388.0
2022-03-17,397.0,405.0,395.0,397.0,NMB,46384.0
2022-03-18,397.0,405.0,395.0,397.0,NMB,46384.0
2022-03-19,397.0,405.0,395.0,397.0,NMB,46384.0
2022-03-20,314.5,316.0,310.0,315.5,NMB,21991.0
2022-03-21,316.0,318.0,309.1,315.0,NMB,50637.0
2022-03-22,316.1,320.0,315.7,317.0,NMB,38548.0
2022-03-23,314.9,317.1,311.0,317.0,NMB,37611.0
2022-03-24,312.0,315.0,310.0,310.0,NMB,32775.0
2022-03-25,397.0,405.0,395.0,397.0,NMB,46384.0
2022-03-26,397.0,405.0,395.0,397.0,NMB,46384.0
2022-03-27,309.2,315.0,308.0,315.0,NMB,66245.0
2022-03-28,307.9,311.0,305.0,309.0,NMB,45565.0
2022-03-29,304.9,310.0,302.3,309.0,NMB,40283.0
2022-03-30,304.0,306.0,300.0,305.0,NMB,45545.0
2022-03-31,304.0,310.0,303.0,310.0,NMB,29850.0
2022-04-01,397.0,405.0,395.0,397.0,NMB,46384.0
2022-04-02,397.0,405.0,395.0,397.0,NMB,46384.0
2022-04-03,303.5,306.0,300.0,306.0,NMB,32112.0
2022-04-04,306.0,307.0,301.0,303.0,NMB,49325.0
2022-04-05,301.0,306.0,298.0,306.0,NMB,72788.0
2022-04-06,297.0,300.0,295.0,300.0,NMB,50955.0
2022-04-07,297.0,302.9,294.1,302.0,NMB,79585.0
2022-04-08,397.0,405.0,395.0,397.0,NMB,46384.0
2022-04-09,397.0,405.0,395.0,397.0,NMB,46384.0
2022-04-10,397.0,405.0,395.0,397.0,NMB,46384.0
2022-04-11,295.0,305.0,294.0,301.0,NMB,42419.0
2022-04-12,291.0,298.0,290.0,295.0,NMB,36014.0
2022-04-13,293.0,294.9,290.0,291.0,NMB,28247.0
2022-04-14,397.0,405.0,395.0,397.0,NMB,46384.0
2022-04-15,397.0,405.0,395.0,397.0,NMB,46384.0
2022-04-16,397.0,405.0,395.0,397.0,NMB,46384.0
2022-04-17,294.0,300.0,292.0,297.0,NMB,35265.0
2022-04-18,293.5,294.0,290.0,290.0,NMB,28035.0
2022-04-19,293.0,299.0,286.0,295.0,NMB,32995.0
2022-04-20,292.9,297.0,290.3,293.0,NMB,30230.0
2022-04-21,289.0,297.0,287.0,296.0,NMB,37519.0
2022-04-22,397.0,405.0,395.0,397.0,NMB,46384.0
2022-04-23,397.0,405.0,395.0,397.0,NMB,46384.0
2022-04-24,299.9,301.0,290.5,293.9,NMB,35293.0
2022-04-25,296.0,305.0,296.0,304.9,NMB,25030.0
2022-04-26,297.0,300.0,293.0,295.0,NMB,27948.0
2022-04-27,294.2,298.0,294.0,297.0,NMB,19611.0
2022-04-28,293.0,295.0,292.0,295.0,NMB,25873.0
2022-04-29,397.0,405.0,395.0,397.0,NMB,46384.0
2022-04-30,397.0,405.0,395.0,397.0,NMB,46384.0
2022-05-01,397.0,405.0,395.0,397.0,NMB,46384.0
2022-05-02,291.0,294.0,289.0,293.0,NMB,27499.0
2022-05-03,397.0,405.0,395.0,397.0,NMB,46384.0
2022-05-04,286.0,290.9,285.2,287.0,NMB,26156.0
2022-05-05,281.5,290.0,281.0,290.0,NMB,33439.0
2022-05-06,397.0,405.0,395.0,397.0,NMB,46384.0
2022-05-07,397.0,405.0,395.0,397.0,NMB,46384.0
2022-05-08,279.0,283.0,277.0,281.9,NMB,33057.0
2022-05-09,285.0,290.0,281.4,284.0,NMB,31437.0
2022-05-10,290.9,294.5,285.0,287.0,NMB,26916.0
2022-05-11,294.6,296.5,292.0,296.0,NMB,18753.0
2022-05-12,296.9,300.0,293.0,298.0,NMB,32610.0
2022-05-13,397.0,405.0,395.0,397.0,NMB,46384.0
2022-05-14,397.0,405.0,395.0,397.0,NMB,46384.0
2022-05-15,397.0,405.0,395.0,397.0,NMB,46384.0
2022-05-16,397.0,405.0,395.0,397.0,NMB,46384.0
2022-05-17,288.0,299.0,287.0,298.0,NMB,18997.0
2022-05-18,288.4,290.0,283.0,287.0,NMB,16563.0
2022-05-19,288.0,290.0,286.0,290.0,NMB,18632.0
2022-05-20,283.1,288.0,283.0,286.0,NMB,20893.0
2022-05-21,397.0,405.0,395.0,397.0,NMB,46384.0
2022-05-22,397.0,405.0,395.0,397.0,NMB,46384.0
2022-05-23,280.0,286.0,280.0,286.0,NMB,22294.0
2022-05-24,282.0,285.0,280.0,280.0,NMB,22025.0
2022-05-25,282.8,286.0,281.0,285.0,NMB,18363.0
2022-05-26,284.9,285.0,281.0,285.0,NMB,23601.0
2022-05-27,285.9,287.0,282.5,287.0,NMB,32991.0
2022-05-28,397.0,405.0,395.0,397.0,NMB,46384.0
2022-05-29,397.0,405.0,395.0,397.0,NMB,46384.0
2022-05-30,279.0,289.9,278.0,289.9,NMB,28175.0
2022-05-31,272.0,282.0,271.0,280.0,NMB,31231.0
2022-06-01,273.0,278.0,270.0,275.0,NMB,17677.0
2022-06-02,271.3,276.0,270.0,273.1,NMB,17865.0
2022-06-03,269.0,273.0,266.0,269.5,NMB,26798.0
2022-06-06,264.0,273.0,260.0,270.1,NMB,37197.0
2022-06-07,258.1,264.0,258.1,264.0,NMB,35120.0
2022-06-08,267.4,269.0,260.0,260.0,NMB,32014.0
2022-06-09,270.8,275.2,269.0,272.5,NMB,42161.0
2022-06-10,268.0,274.9,262.0,274.9,NMB,31416.0
2022-06-13,264.5,268.0,263.0,268.0,NMB,25913.0
2022-06-14,262.2,266.0,260.5,263.0,NMB,21077.0
2022-06-15,256.7,260.0,255.0,258.0,NMB,49181.0
2022-06-16,264.0,264.0,251.6,253.0,NMB,39007.0
2022-06-17,267.0,272.0,264.0,264.0,NMB,34708.0
2022-06-19,262.9,270.0,262.0,265.2,NMB,31938.0
2022-06-20,256.0,268.0,254.3,267.0,NMB,43981.0
2022-06-21,258.0,262.1,252.0,253.0,NMB,31684.0
2022-06-22,255.0,260.0,252.9,260.0,NMB,35992.0
2022-06-23,250.0,255.0,248.0,250.0,NMB,60116.0
2022-06-24,249.9,251.0,240.0,250.0,NMB,38218.0
2022-06-26,257.2,260.0,250.1,250.1,NMB,41691.0
2022-06-27,255.0,262.0,253.0,262.0,NMB,22906.0
2022-06-28,254.0,255.0,249.0,250.0,NMB,27958.0
2022-06-29,256.0,256.0,251.0,251.0,NMB,26210.0
2022-06-30,262.0,262.1,255.0,255.0,NMB,39723.0
2022-07-01,260.0,266.0,259.1,265.1,NMB,18894.0
2022-07-03,260.0,260.0,255.1,260.0,NMB,45552.0
2022-07-04,258.4,267.5,258.1,261.5,NMB,71547.0
2022-07-05,258.0,261.0,255.0,257.0,NMB,93016.0
2022-07-06,257.1,260.0,255.0,260.0,NMB,78518.0
2022-07-07,257.0,263.0,256.0,262.2,NMB,83273.0
2022-07-08,256.0,256.9,254.0,254.0,NMB,58995.0
2022-07-11,247.0,254.0,245.0,254.0,NMB,46135.0
2022-07-12,249.3,251.8,245.0,247.0,NMB,86608.0
2022-07-13,258.0,258.0,247.1,248.0,NMB,77928.0
2022-07-14,258.0,263.0,256.0,262.0,NMB,22474.0
2022-07-15,261.0,262.0,258.0,261.9,NMB,23894.0
2022-07-17,263.0,264.7,260.4,263.0,NMB,18810.0
2022-07-18,265.9,268.0,260.0,268.0,NMB,15538.0
2022-07-19,267.9,270.0,265.0,270.0,NMB,14780.0
2022-07-20,266.4,268.1,265.0,267.0,NMB,14994.0
2022-07-21,265.1,272.0,264.0,266.0,NMB,29627.0
2022-07-22,258.6,264.0,257.1,263.1,NMB,15718.0
2022-07-24,262.0,264.0,259.0,263.0,NMB,17733.0
2022-07-25,265.0,270.0,262.4,267.2,NMB,30012.0
2022-07-26,260.1,267.0,260.0,266.0,NMB,24462.0
2022-07-27,258.0,264.0,257.2,264.0,NMB,24772.0
2022-07-28,258.0,261.0,256.0,261.0,NMB,52551.0
2022-07-29,258.0,263.0,255.0,263.0,NMB,15734.0
2022-07-31,266.9,267.7,257.0,263.0,NMB,54953.0
2022-08-01,272.0,277.0,267.1,270.0,NMB,54534.0
2022-08-02,269.0,275.0,266.1,270.0,NMB,24149.0
2022-08-03,269.9,273.2,266.0,273.2,NMB,39081.0
2022-08-04,268.9,275.0,265.0,274.0,NMB,70344.0
2022-08-05,260.6,268.0,260.0,265.0,NMB,39936.0
2022-08-07,260.0,264.9,255.4,255.4,NMB,31446.0
2022-08-08,261.0,264.0,259.0,264.0,NMB,39890.0
2022-08-09,256.0,260.0,255.0,260.0,NMB,36926.0
2022-08-10,255.1,257.0,250.0,256.0,NMB,27734.0
2022-08-11,254.2,259.0,251.0,255.0,NMB,25733.0
2022-08-14,250.9,257.0,249.5,252.0,NMB,34444.0
2022-08-15,253.0,254.0,250.0,251.0,NMB,17395.0
2022-08-16,254.0,263.1,252.0,253.0,NMB,24975.0
2022-08-17,253.0,258.9,251.5,254.0,NMB,28085.0
2022-08-18,252.0,255.0,251.4,253.0,NMB,48355.0
2022-08-21,252.0,259.0,252.0,257.0,NMB,29978.0
2022-08-22,254.0,257.0,252.0,257.0,NMB,18178.0
2022-08-23,254.7,256.8,253.4,254.0,NMB,22013.0
2022-08-24,255.0,257.8,254.0,256.0,NMB,21891.0
2022-08-25,254.0,257.8,253.1,253.3,NMB,17766.0
2022-08-26,252.0,253.0,250.0,250.9,NMB,18641.0
2022-08-28,249.0,251.0,246.0,249.0,NMB,25195.0
2022-08-29,248.8,250.0,245.1,249.0,NMB,28587.0
2022-08-30,248.0,251.0,247.0,250.0,NMB,10174.0
2022-08-31,247.9,249.0,245.1,248.0,NMB,15427.0
2022-09-01,246.9,247.9,243.0,244.0,NMB,23454.0
2022-09-02,244.0,248.0,243.7,248.0,NMB,9339.0
2022-09-04,246.0,248.0,243.1,248.0,NMB,26064.0
2022-09-05,247.0,248.0,244.0,244.0,NMB,12747.0
2022-09-06,244.5,246.9,244.5,245.0,NMB,18774.0
2022-09-07,243.1,248.7,242.0,245.0,NMB,17856.0
2022-09-08,242.0,244.0,241.1,242.0,NMB,15192.0
2022-09-11,241.1,243.1,240.0,240.4,NMB,18482.0
2022-09-12,237.0,240.0,236.9,240.0,NMB,31371.0
2022-09-13,238.0,240.0,237.1,240.0,NMB,12617.0
2022-09-14,240.9,242.7,238.0,239.9,NMB,21555.0
2022-09-15,238.0,244.0,235.1,244.0,NMB,46594.0
2022-09-16,237.4,237.9,231.3,235.0,NMB,18591.0
2022-09-18,235.4,236.5,229.0,233.0,NMB,45605.0
2022-09-20,230.0,234.9,228.0,232.0,NMB,31286.0
2022-09-21,229.0,234.6,228.0,233.9,NMB,15903.0
2022-09-22,230.9,233.0,228.1,230.0,NMB,16104.0
2022-09-25,228.0,231.0,226.4,231.0,NMB,17585.0
2022-09-27,229.0,231.0,226.5,227.1,NMB,14567.0
2022-09-28,230.0,232.0,228.0,231.5,NMB,14894.0
2022-09-29,232.0,234.0,227.0,227.0,NMB,27080.0
2022-10-09,238.0,239.0,230.1,235.0,NMB,12426.0
2022-10-10,235.6,240.0,234.0,240.0,NMB,10333.0
2022-10-11,234.0,235.6,230.3,235.0,NMB,13708.0
2022-10-12,235.9,238.0,233.3,238.0,NMB,27483.0
2022-10-13,238.0,238.0,229.0,237.7,NMB,46288.0
2022-10-16,232.1,237.0,232.0,234.0,NMB,18406.0
2022-10-17,235.0,236.0,234.0,234.0,NMB,9152.0
2022-10-19,236.0,236.0,232.1,235.0,NMB,15500.0
2022-10-20,234.9,237.0,231.3,237.0,NMB,8916.0
2022-10-23,237.5,238.0,235.0,235.0,NMB,10105.0
2022-10-31,238.5,241.9,235.2,239.0,NMB,17333.0
2022-11-01,249.0,250.0,239.0,239.0,NMB,29369.0
2022-11-02,247.0,251.0,241.0,249.5,NMB,29667.0
2022-11-03,244.0,247.0,243.0,247.0,NMB,19597.0
2022-11-06,248.0,248.3,242.3,246.0,NMB,27429.0
2022-11-07,247.8,252.5,247.5,249.0,NMB,30701.0
2022-11-08,245.0,248.0,244.3,245.4,NMB,18018.0
2022-11-09,241.0,246.0,237.5,245.0,NMB,38799.0
2022-11-10,239.0,242.0,238.6,239.4,NMB,15835.0
2022-11-13,236.1,240.0,236.0,240.0,NMB,9257.0
2022-11-14,235.0,238.0,233.6,238.0,NMB,31347.0
2022-11-15,235.0,239.5,234.0,239.5,NMB,23444.0
2022-11-16,236.0,237.0,232.3,236.2,NMB,16942.0
2022-11-17,240.0,240.0,236.1,239.8,NMB,17325.0
2022-11-22,241.0,244.5,238.0,244.5,NMB,17690.0
2022-11-23,243.0,245.8,238.0,244.0,NMB,14169.0
2022-11-24,245.0,246.7,240.0,240.0,NMB,21347.0
2022-11-27,249.5,249.5,241.0,241.0,NMB,25124.0
2022-11-28,248.0,250.9,247.7,248.1,NMB,30667.0
2022-11-29,250.0,250.0,241.0,247.0,NMB,36930.0
2022-11-30,253.9,254.9,246.0,250.7,NMB,36084.0
2022-12-01,255.0,258.6,248.9,251.0,NMB,49007.0
2022-12-04,257.9,259.0,253.0,258.0,NMB,28836.0
2022-12-05,252.0,263.0,252.0,263.0,NMB,58210.0
2022-12-06,236.7,248.0,233.3,247.0,NMB,110192.0
2022-12-07,234.5,241.4,232.6,241.4,NMB,50940.0
2022-12-11,232.0,234.0,230.0,234.0,NMB,43742.0
2022-12-12,230.0,231.5,225.6,230.0,NMB,60300.0
2022-12-13,232.0,232.5,229.4,231.0,NMB,11453.0
2022-12-14,230.0,233.0,228.3,230.0,NMB,20869.0
2022-12-15,230.4,232.0,228.0,229.0,NMB,20588.0
2022-12-18,229.9,231.0,226.7,228.0,NMB,36667.0
2022-12-19,228.0,230.0,226.5,229.9,NMB,19234.0
2022-12-20,231.0,232.0,227.1,230.0,NMB,27152.0
2022-12-21,230.8,231.0,227.2,227.2,NMB,13481.0
2022-12-22,233.0,233.9,228.0,228.0,NMB,27822.0
2022-12-26,234.0,234.0,229.0,232.0,NMB,39542.0
2022-12-27,235.4,240.0,232.2,238.0,NMB,68568.0
2022-12-28,232.5,237.0,232.0,236.0,NMB,34737.0
2022-12-29,232.6,234.9,228.0,230.1,NMB,35990.0
2023-01-01,233.3,246.8,232.4,236.0,NMB,59109.0
2023-01-02,238.9,241.5,232.1,232.2,NMB,43136.0
2023-01-03,236.0,240.0,233.0,237.0,NMB,43145.0
2023-01-04,240.0,241.2,234.2,235.0,NMB,46503.0
2023-01-05,238.1,245.0,236.5,243.0,NMB,36274.0
2023-01-08,237.3,241.9,235.1,240.0,NMB,57693.0
2023-01-09,249.0,249.0,234.1,235.0,NMB,103395.0
2023-01-10,252.0,268.2,246.0,251.0,NMB,139095.0
2023-01-12,246.0,264.0,245.0,254.0,NMB,70807.0
2023-01-17,245.0,249.0,241.2,248.8,NMB,49910.0
2023-01-18,242.0,248.0,241.7,243.1,NMB,68116.0
2023-01-19,242.0,244.0,240.0,240.1,NMB,53929.0
2023-01-23,245.7,254.0,245.0,245.0,NMB,87172.0
2023-01-24,247.9,255.6,242.5,242.5,NMB,53484.0
2023-01-25,248.0,252.0,245.0,252.0,NMB,108753.0
2023-01-26,245.0,249.8,244.5,246.0,NMB,42617.0
2023-01-29,243.0,245.0,240.0,245.0,NMB,41562.0
2023-01-30,236.2,240.0,236.2,239.0,NMB,51037.0
2023-01-31,234.1,240.0,232.3,240.0,NMB,42708.0
2023-02-01,233.0,235.0,232.0,234.9,NMB,39313.0
2023-02-02,232.5,237.0,230.0,230.0,NMB,32012.0
2023-02-05,231.0,235.0,230.4,232.5,NMB,49241.0
2023-02-06,234.0,234.4,230.6,231.5,NMB,23794.0
2023-02-07,251.0,251.0,235.2,238.0,NMB,54758.0
2023-02-08,245.0,251.0,241.4,247.0,NMB,81454.0
2023-02-09,246.0,246.8,240.2,240.2,NMB,37191.0
2023-02-12,238.0,244.8,236.7,241.5,NMB,41303.0
2023-02-14,234.3,238.0,234.2,238.0,NMB,27997.0
2023-02-15,232.9,236.0,232.0,235.0,NMB,23395.0
2023-02-16,229.9,232.0,229.7,231.5,NMB,55960.0
2023-02-20,228.0,230.0,225.5,229.0,NMB,111150.0
2023-02-22,244.4,244.4,228.0,232.5,NMB,37875.0
2023-02-23,232.0,245.0,229.0,245.0,NMB,159136.0
2023-02-26,229.1,231.0,226.1,227.5,NMB,43470.0
2023-02-27,232.0,232.0,227.6,232.0,NMB,74966.0
2023-02-28,228.0,232.0,227.8,232.0,NMB,31982.0
2023-03-01,226.0,232.0,226.0,232.0,NMB,30685.0
2023-03-02,225.5,229.0,225.0,229.0,NMB,22841.0
2023-03-05,225.0,227.9,223.6,225.3,NMB,33396.0
2023-03-07,226.5,229.0,225.0,227.0,NMB,23977.0
2023-03-09,231.0,232.5,225.6,225.6,NMB,32747.0
2023-03-12,224.0,235.0,223.1,235.0,NMB,56015.0
2023-03-13,221.3,225.0,220.5,223.0,NMB,67770.0
2023-03-14,220.7,223.0,219.0,222.0,NMB,63535.0
2023-03-15,219.0,220.9,217.9,219.0,NMB,51000.0
2023-03-16,221.0,222.0,218.0,219.0,NMB,32636.0
2023-03-19,220.9,222.0,219.0,220.0,NMB,47758.0
2023-03-20,222.0,224.0,220.0,221.0,NMB,26799.0
2023-03-22,222.0,226.0,220.2,225.0,NMB,21734.0
2023-03-23,229.9,238.6,220.0,221.0,NMB,91433.0
2023-03-26,226.0,234.0,224.0,234.0,NMB,47037.0
2023-03-27,226.0,226.0,221.0,223.0,NMB,28974.0
2023-03-28,223.0,229.9,222.0,229.9,NMB,31475.0
2023-03-29,223.8,224.0,220.1,220.1,NMB,17194.0
2023-03-30,223.1,226.9,223.0,226.9,NMB,13294.0
2023-04-02,220.0,226.8,220.0,223.2,NMB,34052.0
2023-04-03,219.8,221.0,217.0,220.0,NMB,36234.0
2023-04-04,218.0,219.9,215.0,218.0,NMB,34718.0
2023-04-05,217.5,219.0,216.0,218.0,NMB,26723.0
2023-04-06,218.0,221.0,217.0,220.0,NMB,36962.0
2023-04-09,219.0,219.0,215.0,216.1,NMB,42893.0
2023-04-10,227.0,227.9,216.6,221.0,NMB,48581.0
2023-04-11,227.6,231.0,223.5,231.0,NMB,47241.0
2023-04-12,239.0,239.0,229.1,231.9,NMB,64098.0
2023-04-13,235.0,239.0,231.4,236.7,NMB,61719.0
2023-04-16,235.0,236.0,232.0,233.0,NMB,15615.0
2023-04-17,228.1,235.0,227.5,232.0,NMB,45894.0
2023-04-18,234.0,234.0,228.0,228.0,NMB,33044.0
2023-04-19,239.0,240.0,232.0,232.6,NMB,38472.0
2023-04-20,236.9,243.7,232.9,243.0,NMB,47590.0
2023-04-23,235.0,238.0,234.0,234.1,NMB,49216.0
2023-04-24,235.0,239.0,231.0,231.0,NMB,37291.0
2023-04-25,239.0,239.0,233.1,237.0,NMB,48939.0
2023-04-26,239.0,239.1,235.0,239.1,NMB,33751.0
2023-04-27,239.0,239.6,232.3,234.5,NMB,22462.0
2023-04-30,234.5,239.0,233.0,235.0,NMB,39278.0
2023-05-02,234.0,238.0,231.0,234.5,NMB,23939.0
2023-05-03,232.8,236.9,232.0,234.0,NMB,25301.0
2023-05-04,236.0,238.0,232.5,237.2,NMB,22148.0
2023-05-07,235.0,236.5,232.3,236.0,NMB,25325.0
2023-05-08,234.0,236.0,231.0,232.0,NMB,34426.0
2023-05-09,235.0,236.0,231.0,235.0,NMB,26604.0
2023-05-10,235.0,239.7,231.3,239.7,NMB,32827.0
2023-05-11,235.0,238.7,231.0,232.0,NMB,21735.0
2023-05-14,236.8,237.0,232.8,237.0,NMB,28955.0
2023-05-15,236.0,236.4,232.4,236.0,NMB,27421.0
2023-05-16,235.0,237.9,230.0,237.9,NMB,28676.0
2023-05-17,236.3,236.3,231.6,231.6,NMB,33096.0
2023-05-18,234.0,237.5,231.6,233.0,NMB,31399.0
2023-05-21,233.8,238.5,233.8,234.0,NMB,25218.0
2023-05-22,231.7,234.0,231.5,232.0,NMB,25656.0
2023-05-23,236.0,238.0,230.6,231.8,NMB,32178.0
2023-05-24,235.5,240.0,233.1,233.1,NMB,29542.0
2023-05-28,234.2,239.8,234.2,235.2,NMB,61630.0
2023-05-30,228.0,234.0,227.0,231.0,NMB,63581.0
2023-05-31,221.0,228.0,220.0,228.0,NMB,76508.0
2023-06-01,220.1,224.0,217.0,222.0,NMB,72745.0
2023-06-04,230.6,230.6,215.7,215.7,NMB,32332.0
2023-06-05,226.8,235.0,226.0,235.0,NMB,37741.0
2023-06-06,228.9,229.0,222.7,223.0,NMB,45046.0
2023-06-07,229.4,229.9,224.4,228.0,NMB,38569.0
2023-06-08,228.0,228.0,223.0,225.0,NMB,32988.0
2023-06-11,227.0,230.0,226.0,230.0,NMB,28089.0
2023-06-12,227.5,229.8,226.0,228.5,NMB,18267.0
2023-06-13,227.5,229.9,225.2,225.2,NMB,36204.0
2023-06-14,229.0,231.9,226.5,229.9,NMB,74639.0
2023-06-15,228.0,230.0,227.0,228.0,NMB,23090.0
2023-06-18,226.0,228.9,223.6,223.6,NMB,70113.0
2023-06-19,223.7,230.5,223.6,228.0,NMB,85899.0
2023-06-20,229.0,230.5,221.5,221.5,NMB,115964.0
2023-06-21,226.5,229.0,224.5,227.0,NMB,83469.0
2023-06-22,222.3,228.0,222.2,226.5,NMB,43989.0
2023-06-25,223.0,225.0,220.2,220.2,NMB,98814.0
2023-06-26,224.0,227.0,221.5,223.0,NMB,113243.0
2023-06-27,232.0,232.3,223.1,225.5,NMB,74083.0
2023-06-28,229.0,236.6,228.0,234.0,NMB,69435.0
2023-07-02,226.0,230.0,221.5,226.0,NMB,48874.0
2023-07-03,223.7,229.5,223.0,229.5,NMB,35265.0
2023-07-04,226.0,226.0,220.4,223.7,NMB,50284.0
2023-07-05,223.0,225.0,222.0,225.0,NMB,33548.0
2023-07-06,221.9,223.0,220.0,221.0,NMB,33843.0
2023-07-09,226.0,227.0,220.1,222.0,NMB,393197.0
2023-07-10,224.5,229.0,222.0,226.0,NMB,339164.0
2023-07-11,225.8,225.9,222.1,225.0,NMB,54191.0
2023-07-12,223.0,228.0,222.4,225.0,NMB,50705.0
2023-07-13,224.0,226.0,222.2,226.0,NMB,43973.0
2023-07-16,226.0,227.9,224.0,225.0,NMB,47698.0
2023-07-17,234.0,236.0,225.1,228.9,NMB,76129.0
2023-07-18,235.6,237.8,232.0,234.9,NMB,65540.0
2023-07-19,242.0,244.8,233.0,234.0,NMB,126285.0
2023-07-20,239.6,246.0,239.2,245.0,NMB,97009.0
2023-07-23,251.9,251.9,240.0,242.9,NMB,124235.0
2023-07-24,243.0,252.0,240.2,251.9,NMB,178398.0
2023-07-25,236.6,241.0,236.5,241.0,NMB,48038.0
2023-07-26,237.0,240.0,235.2,236.7,NMB,47892.0
2023-07-27,233.1,238.0,232.5,238.0,NMB,49882.0
2023-07-30,232.0,235.9,230.1,234.0,NMB,52688.0
2023-07-31,234.9,237.7,230.1,235.9,NMB,94668.0
2023-08-01,233.5,239.5,232.0,239.5,NMB,23606.0
2023-08-02,236.2,237.8,232.0,232.1,NMB,47315.0
2023-08-03,239.0,243.0,236.0,239.0,NMB,62826.0
2023-08-06,231.0,243.0,229.5,240.0,NMB,81590.0
2023-08-07,228.8,231.0,226.4,229.1,NMB,33296.0
2023-08-08,227.0,229.0,225.0,226.3,NMB,25710.0
2023-08-09,228.1,229.0,221.4,223.0,NMB,36060.0
2023-08-10,226.0,229.0,223.7,228.2,NMB,21931.0
2023-08-13,228.0,230.0,224.0,226.0,NMB,20552.0
2023-08-14,230.3,230.4,226.3,230.0,NMB,21616.0
2023-08-15,226.0,232.5,225.8,230.6,NMB,19589.0
2023-08-16,227.0,229.0,222.6,226.0,NMB,40284.0
2023-08-17,226.0,227.0,224.1,227.0,NMB,33630.0
2023-08-20,224.0,225.7,223.0,224.0,NMB,17213.0
2023-08-21,223.0,228.0,222.5,222.5,NMB,37128.0
2023-08-22,227.9,227.9,221.1,222.0,NMB,38096.0
2023-08-23,226.0,229.7,225.2,227.0,NMB,20675.0
2023-08-24,226.0,230.0,225.0,228.0,NMB,52219.0
2023-08-27,223.2,226.5,223.2,226.1,NMB,14027.0
2023-08-28,224.0,226.0,223.0,223.0,NMB,17317.0
2023-08-29,224.0,225.0,221.0,225.0,NMB,17626.0
2023-08-30,223.0,228.3,222.0,228.3,NMB,22627.0
2023-09-03,221.3,223.5,221.3,222.2,NMB,21914.0
2023-09-04,220.1,224.0,218.1,221.0,NMB,26587.0
2023-09-05,219.5,222.0,219.4,220.0,NMB,18538.0
2023-09-07,217.0,220.0,216.0,220.0,NMB,33962.0
2023-09-10,216.0,219.0,215.7,216.1,NMB,34177.0
2023-09-11,220.0,223.0,217.0,219.0,NMB,29684.0
2023-09-12,219.9,223.0,219.0,223.0,NMB,14278.0
2023-09-13,218.9,221.0,217.0,219.1,NMB,60115.0
2023-09-17,217.8,221.8,216.0,218.0,NMB,42264.0
2023-09-18,216.0,218.9,215.7,217.0,NMB,19124.0
2023-09-19,216.2,217.0,215.9,216.0,NMB,23680.0
2023-09-21,219.0,221.0,218.1,220.5,NMB,53318.0
2023-09-24,218.0,221.0,218.0,219.0,NMB,23695.0
2023-09-25,217.1,220.9,217.1,219.0,NMB,20532.0
2023-09-26,217.7,220.9,217.5,220.9,NMB,25539.0
2023-09-27,217.2,219.5,217.0,218.0,NMB,12362.0
2023-10-01,216.3,218.0,215.1,217.1,NMB,28295.0
2023-10-02,215.6,217.0,215.4,217.0,NMB,20886.0
2023-10-03,215.1,216.5,215.0,215.2,NMB,22558.0
2023-10-04,216.0,217.0,215.0,215.1,NMB,28315.0
2023-10-05,215.0,218.0,214.6,218.0,NMB,14466.0
2023-10-08,212.0,217.0,212.0,215.0,NMB,36655.0
2023-10-09,212.1,215.0,211.1,215.0,NMB,39214.0
2023-10-10,209.3,212.5,209.3,211.0,NMB,40439.0
2023-10-11,212.0,212.0,208.6,209.0,NMB,25549.0
2023-10-12,208.7,214.0,208.0,214.0,NMB,40038.0
2023-10-16,206.8,208.9,206.0,207.0,NMB,25722.0
2023-10-17,208.5,210.0,207.0,207.0,NMB,21092.0
2023-10-18,212.0,212.8,209.0,210.9,NMB,20709.0
2023-10-19,209.0,214.9,200.9,214.9,NMB,46766.0
2023-10-29,206.5,210.0,206.0,207.4,NMB,15376.0
2023-10-30,207.0,208.4,204.0,204.0,NMB,18675.0
2023-10-31,206.0,210.0,205.8,210.0,NMB,10621.0
2023-11-01,208.0,208.9,203.0,203.0,NMB,21930.0
2023-11-02,205.4,207.0,205.0,205.0,NMB,12966.0
2023-11-05,203.0,205.8,202.1,202.1,NMB,41623.0
2023-11-06,205.9,205.9,201.2,201.5,NMB,28527.0
2023-11-07,207.2,210.0,203.0,204.0,NMB,21004.0
2023-11-08,207.6,209.7,206.0,206.0,NMB,6277.0
2023-11-09,205.1,206.5,204.5,205.5,NMB,15797.0
2023-11-20,207.0,209.7,205.4,208.0,NMB,16861.0
2023-11-21,204.5,208.8,204.2,205.2,NMB,16966.0
2023-11-22,204.3,207.0,204.2,204.5,NMB,10209.0
2023-11-23,205.0,206.0,202.5,204.5,NMB,7964.0
2023-11-26,208.9,209.9,204.9,208.0,NMB,22763.0
2023-11-27,207.0,210.9,206.0,209.0,NMB,16144.0
2023-11-28,205.0,207.8,204.7,204.7,NMB,20011.0
2023-11-29,204.3,207.0,202.2,202.2,NMB,13075.0
2023-11-30,198.5,200.3,196.0,200.3,NMB,60404.0
2023-12-03,196.1,197.1,195.2,197.1,NMB,36956.0
2023-12-04,195.0,197.0,194.9,197.0,NMB,40730.0
2023-12-05,194.7,195.4,194.5,195.0,NMB,26490.0
2023-12-06,194.3,195.0,194.0,195.0,NMB,39066.0
2023-12-07,196.2,197.0,193.0,193.1,NMB,60864.0
2023-12-10,208.0,208.1,200.1,200.1,NMB,2445.0
2023-12-11,211.5,215.0,200.4,212.0,NMB,115415.0
2023-12-12,208.0,211.0,207.2,210.0,NMB,57875.0
2023-12-13,209.2,211.2,208.0,208.0,NMB,100545.0
2023-12-14,208.2,211.0,206.0,210.0,NMB,74281.0
2023-12-17,203.0,204.1,192.5,204.1,NMB,81185.0
2023-12-18,209.0,209.0,203.0,203.0,NMB,75100.0
2023-12-19,214.2,214.2,208.8,210.0,NMB,68768.0
2023-12-20,213.0,216.9,210.0,210.0,NMB,58663.0
2023-12-21,208.9,215.0,208.9,214.0,NMB,66169.0
2023-12-24,209.1,214.0,209.0,209.0,NMB,67715.0
2023-12-27,206.0,213.0,205.0,209.0,NMB,32083.0
2023-12-28,203.7,205.8,203.0,204.0,NMB,43116.0
2024-01-01,202.5,205.0,202.0,203.7,NMB,35429.0
2024-01-02,200.2,202.0,200.2,202.0,NMB,26890.0
2024-01-03,201.0,201.9,199.7,200.0,NMB,30974.0
2024-01-04,197.6,202.0,196.2,201.0,NMB,76900.0
2024-01-07,195.5,198.5,195.1,197.0,NMB,102281.0
2024-01-08,197.1,199.3,194.6,197.0,NMB,64697.0
2024-01-09,196.6,200.9,196.1,200.9,NMB,56073.0
2024-01-10,199.5,204.5,197.7,200.5,NMB,46642.0
2024-01-11,199.0,201.8,198.0,199.5,NMB,27103.0
2024-01-14,201.5,203.0,199.0,200.0,NMB,45910.0
2024-01-16,205.9,206.4,202.0,202.0,NMB,77569.0
2024-01-17,209.1,214.0,204.0,210.0,NMB,89869.0
2024-01-18,208.0,209.0,205.1,208.0,NMB,42137.0
2024-01-21,198.1,208.0,198.1,208.0,NMB,102264.0
2024-01-22,195.9,201.0,194.0,198.1,NMB,99015.0
2024-01-23,196.7,197.9,195.0,196.0,NMB,28254.0
2024-01-24,197.0,198.0,195.2,197.0,NMB,44157.0
2024-01-25,197.5,199.0,194.1,196.1,NMB,59418.0
2024-01-28,196.0,201.0,195.0,201.0,NMB,35363.0
2024-01-29,197.4,213.0,194.2,196.0,NMB,39031.0
2024-01-30,196.0,200.9,193.9,196.0,NMB,70800.0
2024-01-31,195.0,198.0,192.2,198.0,NMB,69374.0
2024-02-01,192.5,194.0,192.0,193.0,NMB,39663.0
2024-02-04,191.0,193.0,189.1,192.0,NMB,37772.0
2024-02-05,192.0,192.9,191.0,192.0,NMB,24977.0
2024-02-06,192.0,193.0,190.5,192.0,NMB,30292.0
2024-02-07,192.0,195.0,190.6,195.0,NMB,42571.0
2024-02-08,192.8,193.0,190.1,192.0,NMB,34850.0
2024-02-11,191.7,194.0,191.1,192.0,NMB,22302.0
2024-02-12,191.0,193.8,190.1,191.0,NMB,20060.0
2024-02-13,190.1,192.1,190.0,191.0,NMB,28834.0
2024-02-14,190.0,191.0,189.0,191.0,NMB,23683.0
2024-02-15,189.2,190.0,187.0,188.0,NMB,24895.0
2024-02-18,186.5,189.0,186.0,186.0,NMB,38124.0
2024-02-20,186.3,189.0,185.9,189.0,NMB,21364.0
2024-02-21,182.8,188.9,182.2,186.5,NMB,62612.0
2024-02-22,180.1,183.8,180.0,182.0,NMB,55479.0
2024-02-25,177.6,182.0,177.6,182.0,NMB,52044.0
2024-02-26,177.0,179.0,175.6,177.0,NMB,38267.0
2024-02-27,177.5,179.0,176.4,179.0,NMB,43476.0
2024-02-28,177.0,179.0,176.2,177.1,NMB,20132.0
2024-02-29,177.2,180.0,176.0,177.0,NMB,75077.0
2024-03-03,177.8,179.0,174.6,175.4,NMB,34213.0
2024-03-04,184.9,184.9,180.4,180.4,NMB,2112.0
2024-03-05,180.0,188.5,179.0,188.5,NMB,45753.0
2024-03-06,181.4,182.0,178.0,182.0,NMB,22357.0
2024-03-07,181.6,187.0,180.0,184.0,NMB,21752.0
2024-03-10,183.7,183.9,179.3,180.0,NMB,18422.0
